name,lat,lon,facility_type,summary,official_url,official_label,city_page_url,city_category,facility_type_hint,tel,where,open_hours,closed_days,playground,toilet,area,nursing_room,diaper_table,hot_water,stroller_lend,barrier_free,station,walk_min,type_source,page_updated,status,status_note,checked_at
みらい子育て支援センター,,,,,https://www.city.nagareyama.chiba.jp/life/1001107/1001239.html,流山市 地域子育て支援拠点・センター,,,,,,,,,,,,,,,,,,,,closed,令和2年12月31日に廃止されています（市のお知らせで確認）。オープンデータの「公共施設所在地（子育て施設）」には残っています,2026-09-23
子育て支援センターKANADE,,,,,https://www.city.nagareyama.chiba.jp/life/1001107/1001239.html,流山市 地域子育て支援拠点・センター,,,,,,,,,,,,,,,,,,,,closed,令和3年3月31日に廃止されています（市のお知らせで確認）。オープンデータの「公共施設所在地（子育て施設）」には残っています,2026-09-23
子育て支援センターやぎきた,,,,,https://www.city.nagareyama.chiba.jp/life/1001107/1001239.html,流山市 地域子育て支援拠点・センター,,,,,,,,,,,,,,,,,,,,closed,令和2年9月30日に廃止されています（市のお知らせで確認）。オープンデータの「公共施設所在地（子育て施設）」には残っています,2026-09-23
流山セントラルパーク（流山市総合運動公園）,,,,市内でいちばん広い公園（約15ヘクタール）。大型複合遊具とインクルーシブ遊具、ターザンロープがあり、芝生の広場・バーベキュー広場・SLの展示も同じ敷地にあります。多目的トイレあり。,,,,,,,,,,,,,,,,,,,,,,,,2026-09-23
東部近隣公園（やまびこ公園）,35.846354,139.940859,おむつ替えのできるトイレ,芝生の広場と木製のアスレチック遊具がある約1.7ヘクタールの公園。林の中に遊歩道が通っています。多目的トイレあり。,https://www.city.nagareyama.chiba.jp/institution/1004355/1004479/1004482.html,流山市 施設案内,https://www.city.nagareyama.chiba.jp/institution/1004355/1004479/1004482.html,公園 > 公園（東部地域）,公園,,,,,ブランコ・平均台・アスレチック遊具,1,約1.8ヘクタール,,1,,,多目的トイレ,,,,平成29年9月15日,,,2026-09-23
おおたかの森ヒルズナーサリースクール,35.833641,139.902756,保育所,外出のとちゅうに立ち寄れる、市が認定した赤ちゃんほっとスペースです。おむつ替えができます。,https://www.city.nagareyama.chiba.jp/institution/1042534.html,流山市 赤ちゃんほっとスペース,,,,04-7197-7068,,,,,,,,1,,,,,,,,,,2026-09-23
おおたかの森聖華保育園,35.856285,139.90274,保育所,外出のとちゅうに立ち寄れる、市が認定した赤ちゃんほっとスペースです。おむつ替えができます。,https://www.city.nagareyama.chiba.jp/institution/1042534.html,流山市 赤ちゃんほっとスペース,,,,04-7146-0303,,,,,,,,1,,,,,,,,,,2026-09-23
おおたかの森送迎保育ステーション,35.873096,139.927135,保育所,保育所です。授乳室・多目的トイレがあります。,https://www.city.nagareyama.chiba.jp/institution/1004043/1004091/1004092.html,流山市 施設案内,https://www.city.nagareyama.chiba.jp/institution/1004043/1004091/1004092.html,子育て施設 > 駅前送迎保育ステーション,,04-7154-9116,,,,,,,1,1,,,授乳室・多目的トイレ・車いす用トイレ・段差のない出入口・エレベーター・AED,,,,令和4年9月22日,,,2026-09-23
かやの木保育園,35.833641,139.902756,保育所,外出のとちゅうに立ち寄れる、市が認定した赤ちゃんほっとスペースです。授乳・おむつ替えができます（調乳用のお湯もあります）。,https://www.city.nagareyama.chiba.jp/institution/1042534.html,流山市 赤ちゃんほっとスペース,,,,04-7159-2813,,,,,,,1,1,1,,,,,,,,,2026-09-23
かやの木保育園,35.871141,139.910553,保育所,外出のとちゅうに立ち寄れる、市が認定した赤ちゃんほっとスペースです。授乳・おむつ替えができます（調乳用のお湯もあります）。,https://www.city.nagareyama.chiba.jp/institution/1042534.html,流山市 赤ちゃんほっとスペース,,,,04-7159-2813,,,,,,,1,1,1,,,,,,,,,2026-09-23
けやきの森保育園おおたかの森園,35.833641,139.902756,保育所,外出のとちゅうに立ち寄れる、市が認定した赤ちゃんほっとスペースです。授乳・おむつ替えができます（調乳用のお湯もあります）。,https://www.city.nagareyama.chiba.jp/institution/1042534.html,流山市 赤ちゃんほっとスペース,,,,04-7155-8022,,,,,,,1,1,1,,,,,,,,,2026-09-23
けやきの森保育園おおたかの森第二,35.833641,139.902756,保育所,外出のとちゅうに立ち寄れる、市が認定した赤ちゃんほっとスペースです。調乳用のお湯があります。,https://www.city.nagareyama.chiba.jp/institution/1042534.html,流山市 赤ちゃんほっとスペース,,,,04-7197-1880,,,,,,,,,1,,,,,,,,,2026-09-23
たかさごスクールセントラル,35.848722,139.904163,保育所,外出のとちゅうに立ち寄れる、市が認定した赤ちゃんほっとスペースです。授乳・おむつ替えができます（調乳用のお湯もあります）。,https://www.city.nagareyama.chiba.jp/institution/1042534.html,流山市 赤ちゃんほっとスペース,,,,04-7159-7473,,,,,,,1,1,1,,,,,,,,,2026-09-23
ぽけっとランド江戸川台駅前保育園,35.833641,139.902756,保育所,外出のとちゅうに立ち寄れる、市が認定した赤ちゃんほっとスペースです。おむつ替えができます（調乳用のお湯もあります）。,https://www.city.nagareyama.chiba.jp/institution/1042534.html,流山市 赤ちゃんほっとスペース,,,,04-7156-3155,,,,,,,,1,1,,,,,,,,,2026-09-23
中野久木保育所,35.833641,139.902756,保育所,外出のとちゅうに立ち寄れる、市が認定した赤ちゃんほっとスペースです。授乳・おむつ替えができます。,https://www.city.nagareyama.chiba.jp/institution/1042534.html,流山市 赤ちゃんほっとスペース,,,,04-7152-0921,,,,,,,1,1,,,,,,,,,,2026-09-23
八木北保育園,35.833641,139.902756,保育所,外出のとちゅうに立ち寄れる、市が認定した赤ちゃんほっとスペースです。授乳・おむつ替えができます（調乳用のお湯もあります）。,https://www.city.nagareyama.chiba.jp/institution/1042534.html,流山市 赤ちゃんほっとスペース,,,,04-7152-0504,,,,,,,1,1,1,,,,,,,,,2026-09-23
南流山聖華保育園,35.856285,139.90274,保育所,外出のとちゅうに立ち寄れる、市が認定した赤ちゃんほっとスペースです。授乳・おむつ替えができます（調乳用のお湯もあります）。,https://www.city.nagareyama.chiba.jp/institution/1042534.html,流山市 赤ちゃんほっとスペース,,,,04-7159-3401,,,,,,,1,1,1,,,,,,,,,2026-09-23
南流山送迎保育ステーション,35.839276,139.903508,保育所,保育所です。,https://www.city.nagareyama.chiba.jp/institution/1004043/1004091/1004093.html,流山市 施設案内,https://www.city.nagareyama.chiba.jp/institution/1004043/1004091/1004093.html,子育て施設 > 駅前送迎保育ステーション,,04-7159-7473,,,,,,,,,,,,,,,平成30年1月10日,,,2026-09-23
向小金保育所,35.833641,139.902756,保育所,外出のとちゅうに立ち寄れる、市が認定した赤ちゃんほっとスペースです。授乳・おむつ替えができます。,https://www.city.nagareyama.chiba.jp/institution/1042534.html,流山市 赤ちゃんほっとスペース,,,,04-7174-5217,,,,,,,1,1,,,,,,,,,,2026-09-23
城の星おおたかの森保育園,35.833641,139.902756,保育所,外出のとちゅうに立ち寄れる、市が認定した赤ちゃんほっとスペースです。授乳・おむつ替えができます（調乳用のお湯もあります）。,https://www.city.nagareyama.chiba.jp/institution/1042534.html,流山市 赤ちゃんほっとスペース,,,,04-7197-2666,,,,,,,1,1,1,,,,,,,,,2026-09-23
城の星おおたかの森保育園,35.861366,139.925512,保育所,外出のとちゅうに立ち寄れる、市が認定した赤ちゃんほっとスペースです。授乳・おむつ替えができます（調乳用のお湯もあります）。,https://www.city.nagareyama.chiba.jp/institution/1042534.html,流山市 赤ちゃんほっとスペース,,,,04-7197-2666,,,,,,,1,1,1,,,,,,,,,2026-09-23
城の星保育園,35.833641,139.902756,保育所,外出のとちゅうに立ち寄れる、市が認定した赤ちゃんほっとスペースです。授乳・おむつ替えができます（調乳用のお湯もあります）。,https://www.city.nagareyama.chiba.jp/institution/1042534.html,流山市 赤ちゃんほっとスペース,,,,04-7170-2111,,,,,,,1,1,1,,,,,,,,,2026-09-23
平和台保育所,35.833641,139.902756,保育所,外出のとちゅうに立ち寄れる、市が認定した赤ちゃんほっとスペースです。授乳・おむつ替えができます。,https://www.city.nagareyama.chiba.jp/institution/1042534.html,流山市 赤ちゃんほっとスペース,,,,04-7158-1424,,,,,,,1,1,,,,,,,,,,2026-09-23
暁の星保育園,35.833641,139.902756,保育所,外出のとちゅうに立ち寄れる、市が認定した赤ちゃんほっとスペースです。授乳・おむつ替えができます（調乳用のお湯もあります）。,https://www.city.nagareyama.chiba.jp/institution/1042534.html,流山市 赤ちゃんほっとスペース,,,,04-7197-7756,,,,,,,1,1,1,,,,,,,,,2026-09-23
東深井保育所,35.833641,139.902756,保育所,外出のとちゅうに立ち寄れる、市が認定した赤ちゃんほっとスペースです。授乳・おむつ替えができます。,https://www.city.nagareyama.chiba.jp/institution/1042534.html,流山市 赤ちゃんほっとスペース,,,,04-7154-6025,,,,,,,1,1,,,,,,,,,,2026-09-23
松の実保育園,35.833641,139.902756,保育所,外出のとちゅうに立ち寄れる、市が認定した赤ちゃんほっとスペースです。授乳・おむつ替えができます（調乳用のお湯もあります）。,https://www.city.nagareyama.chiba.jp/institution/1042534.html,流山市 赤ちゃんほっとスペース,,,,04-7145-4312,,,,,,,1,1,1,,,,,,,,,2026-09-23
森の葉保育園,35.833641,139.902756,保育所,外出のとちゅうに立ち寄れる、市が認定した赤ちゃんほっとスペースです。授乳・おむつ替えができます。,https://www.city.nagareyama.chiba.jp/institution/1042534.html,流山市 赤ちゃんほっとスペース,,,,04-7152-8966,,,,,,,1,1,,,,,,,,,,2026-09-23
森の葉保育園,35.88703,139.908417,保育所,外出のとちゅうに立ち寄れる、市が認定した赤ちゃんほっとスペースです。授乳・おむつ替えができます。,https://www.city.nagareyama.chiba.jp/institution/1042534.html,流山市 赤ちゃんほっとスペース,,,,04-7152-8966,,,,,,,1,1,,,,,,,,,,2026-09-23
江戸川台保育所,35.833641,139.902756,保育所,外出のとちゅうに立ち寄れる、市が認定した赤ちゃんほっとスペースです。授乳・おむつ替えができます。,https://www.city.nagareyama.chiba.jp/institution/1042534.html,流山市 赤ちゃんほっとスペース,,,,04-7152-0611,,,,,,,1,1,,,,,,,,,,2026-09-23
流山おおたかの森きらきら保育園,35.833641,139.902756,保育所,外出のとちゅうに立ち寄れる、市が認定した赤ちゃんほっとスペースです。授乳・おむつ替えができます（調乳用のお湯もあります）。,https://www.city.nagareyama.chiba.jp/institution/1042534.html,流山市 赤ちゃんほっとスペース,,,,04-7157-6464,,,,,,,1,1,1,,,,,,,,,2026-09-23
生活クラブ風の村　わらしこ保育園流山,35.862117,139.905693,保育所,外出のとちゅうに立ち寄れる、市が認定した赤ちゃんほっとスペースです。授乳・おむつ替えができます（調乳用のお湯もあります）。,https://www.city.nagareyama.chiba.jp/institution/1042534.html,流山市 赤ちゃんほっとスペース,,,,04-7150-5002,,,,,,,1,1,1,,,,,,,,,2026-09-23
生活クラブ風の村わらしこ保育園流山,35.833641,139.902756,保育所,外出のとちゅうに立ち寄れる、市が認定した赤ちゃんほっとスペースです。授乳・おむつ替えができます（調乳用のお湯もあります）。,https://www.city.nagareyama.chiba.jp/institution/1042534.html,流山市 赤ちゃんほっとスペース,,,,04-7150-5002,,,,,,,1,1,1,,,,,,,,,2026-09-23
聖華マリン保育園,35.833641,139.902756,保育所,外出のとちゅうに立ち寄れる、市が認定した赤ちゃんほっとスペースです。授乳・おむつ替えができます（調乳用のお湯もあります）。,https://www.city.nagareyama.chiba.jp/institution/1042534.html,流山市 赤ちゃんほっとスペース,,,,04-7154-5252,,,,,,,1,1,1,,,,,,,,,2026-09-23
おおたかの森児童センター,35.867444,139.918867,児童館・児童センター,午前9時から12時は乳幼児と保護者の時間、午後1時から5時は小・中・高校生の時間です。0歳から18歳まで、無料で使えます。休みは日曜日・祝日・年末年始（夏休み中は休館日なし）。授乳・おむつ替えができます（調乳用のお湯もあります）。流山おおたかの森駅から徒歩10分。,https://comaam.jp/otaka/,おおたかの森児童センター,https://www.city.nagareyama.chiba.jp/institution/1004043/1004106/1030230.html,子育て施設 > 児童館・児童センター,児童館・児童センター,04-7150-7331,,午前9時～午後5時(5月～8月は午後6時まで開館),日曜日・祝日・年末年始（夏休み中は休館日なし）,,,,1,1,1,,,流山おおたかの森駅,10,https://www.city.nagareyama.chiba.jp/life/1001107/1001229/1001231.html,令和8年4月6日,,,2026-09-23
サンコーテクノプラザ（南流山児童センター・南流山地域図書館）,35.834029,139.901601,児童館・児童センター,午前9時から12時は乳幼児と保護者の時間、午後1時から5時は小・中・高校生の時間です。0歳から18歳まで、無料で使えます。授乳・おむつ替えができます（調乳用のお湯もあります）。南流山駅から徒歩10分。,https://yac-minaminagareyama.com/child/,サンコーテクノプラザ南流山児童センター,https://www.city.nagareyama.chiba.jp/institution/1004043/1004106/1039257.html,子育て施設 > 児童館・児童センター,児童館・児童センター,04-7157-2729,,午前9時～午後5時 5月から8月の間は午前9時～午後7時,月曜日(ただし夏休み中の月曜日・祝日に当たる月曜日は開館)  月曜日が祝日にあたるときはその直後の平日・年末年始,,,,1,1,1,,,南流山駅,10,https://www.city.nagareyama.chiba.jp/life/1001107/1001229/1001231.html,令和5年10月3日,,,2026-09-23
十太夫児童センター,35.876057,139.931754,児童館・児童センター,午前9時から12時は乳幼児と保護者の時間、午後1時から5時は小・中・高校生の時間です。0歳から18歳まで、無料で使えます。休みは日曜日、祝日、年末年始。おおたかの森駅から徒歩10分。,https://www.city.nagareyama.chiba.jp/institution/1004043/1004106/1004111.html,流山市 施設案内,https://www.city.nagareyama.chiba.jp/institution/1004043/1004106/1004111.html,子育て施設 > 児童館・児童センター,児童館・児童センター,04-7154-5254,,午前9時～午後5時(5月～8月午後6時まで),日曜日、祝日、年末年始,,,,,,,,,おおたかの森駅,10,https://www.city.nagareyama.chiba.jp/life/1001107/1001229/1001231.html,令和7年3月25日,,,2026-09-23
十太夫福祉会館（十太夫児童センター）,35.876028,139.931804,児童館・児童センター,午前9時から12時は乳幼児と保護者の時間、午後1時から5時は小・中・高校生の時間です。0歳から18歳まで、無料で使えます。休みは日曜日、祝日、年末年始。授乳・おむつ替えができます（調乳用のお湯もあります）。おおたかの森駅から徒歩10分。,https://www.city.nagareyama.chiba.jp/institution/1004043/1004106/1004111.html,流山市 施設案内,https://www.city.nagareyama.chiba.jp/institution/1004043/1004106/1004111.html,子育て施設 > 児童館・児童センター,児童館・児童センター,04-7154-5254,,午前9時～午後5時(5月～8月午後6時まで),日曜日、祝日、年末年始,,,,1,1,1,,,おおたかの森駅,10,https://www.city.nagareyama.chiba.jp/life/1001107/1001229/1001231.html,令和7年3月25日,,,2026-09-23
向小金児童センター,35.837894,139.94629,児童館・児童センター,午前9時から12時は乳幼児と保護者の時間、午後1時から5時は小・中・高校生の時間です。0歳から18歳まで、無料で使えます。休みは日曜日、祝日、年末年始。授乳・おむつ替えができます。南柏駅から徒歩15分。,https://www.city.nagareyama.chiba.jp/institution/1004043/1004106/1004110.html,流山市 施設案内,https://www.city.nagareyama.chiba.jp/institution/1004043/1004106/1004110.html,子育て施設 > 児童館・児童センター,児童館・児童センター,04-7186-7714,,午前9時～午後5時(5月～8月午後6時まで),日曜日、祝日、年末年始,,,,1,1,,,,南柏駅,15,https://www.city.nagareyama.chiba.jp/life/1001107/1001229/1001231.html,令和5年4月6日,,,2026-09-23
思井児童センター,35.846181,139.912779,児童館・児童センター,午前9時から12時は乳幼児と保護者の時間、午後1時から5時は小・中・高校生の時間です。0歳から18歳まで、無料で使えます。休みは日曜日、祝日、年末年始。授乳・おむつ替えができます。鰭ヶ崎駅から徒歩15分。,https://www.city.nagareyama.chiba.jp/institution/1004043/1004106/1004109.html,流山市 施設案内,https://www.city.nagareyama.chiba.jp/institution/1004043/1004106/1004109.html,子育て施設 > 児童館・児童センター,児童館・児童センター,04-7170-1666,,午前9時～午後5時(5月～8月午後6時まで),日曜日、祝日、年末年始,,,,1,1,,,,鰭ヶ崎駅,15,https://www.city.nagareyama.chiba.jp/life/1001107/1001229/1001231.html,令和7年4月23日,,,2026-09-23
江戸川台児童センター,35.898883,139.913622,児童館・児童センター,午前9時から12時は乳幼児と保護者の時間、午後1時から5時は小・中・高校生の時間です。0歳から18歳まで、無料で使えます。休みは日曜日、祝日、年末年始。授乳・おむつ替えができます。江戸川台駅から徒歩3分。,https://www.city.nagareyama.chiba.jp/institution/1004043/1004106/1004108.html,流山市 施設案内,https://www.city.nagareyama.chiba.jp/institution/1004043/1004106/1004108.html,子育て施設 > 児童館・児童センター,児童館・児童センター,04-7154-3015,,午前9時～午後5時(5月～8月午後6時まで),日曜日、祝日、年末年始,,,,1,1,,,,江戸川台駅,3,https://www.city.nagareyama.chiba.jp/life/1001107/1001229/1001231.html,令和4年8月27日,,,2026-09-23
赤城児童センター,35.847575,139.897486,児童館・児童センター,午前9時から12時は乳幼児と保護者の時間、午後1時から5時は小・中・高校生の時間です。0歳から18歳まで、無料で使えます。休みは日曜日、祝日、年末年始。授乳・おむつ替えができます。平和台駅から徒歩10分。,https://comaam.jp/akagi/,赤城福祉会館・赤城児童センター,https://www.city.nagareyama.chiba.jp/institution/1004043/1004106/1004113.html,子育て施設 > 児童館・児童センター,児童館・児童センター,04-7170-0663,,午前9時～午後5時(5月～8月は午後6時まで),日曜日、祝日、年末年始,,,,1,1,,,,平和台駅,10,https://www.city.nagareyama.chiba.jp/life/1001107/1001229/1001231.html,令和8年4月4日,,,2026-09-23
野々下児童センター,35.858718,139.935782,児童館・児童センター,午前9時から12時は乳幼児と保護者の時間、午後1時から5時は小・中・高校生の時間です。0歳から18歳まで、無料で使えます。休みは日曜日、祝日、年末年始。おむつ替えができます。豊四季駅から徒歩20分。,https://www.city.nagareyama.chiba.jp/institution/1004043/1004106/1004112.html,流山市 施設案内,https://www.city.nagareyama.chiba.jp/institution/1004043/1004106/1004112.html,子育て施設 > 児童館・児童センター,児童館・児童センター,04-7136-2510,,午前9時～午後5時（5月～8月午後6時まで）,日曜日、祝日、年末年始,,,,,1,,,,豊四季駅,20,https://www.city.nagareyama.chiba.jp/life/1001107/1001229/1001231.html,令和4年6月24日,,,2026-09-23
駒木台児童館,35.892068,139.933037,児童館・児童センター,午前9時から12時は乳幼児と保護者の時間、午後1時から5時は小・中・高校生の時間です。0歳から18歳まで、無料で使えます。休みは日曜日、祝日、年末年始。授乳・おむつ替えができます。江戸川台駅から徒歩30分。,https://www.city.nagareyama.chiba.jp/institution/1004043/1004106/1004107.html,流山市 施設案内,https://www.city.nagareyama.chiba.jp/institution/1004043/1004106/1004107.html,子育て施設 > 児童館・児童センター,児童館・児童センター,04-7154-4821,,午前9時～午後5時(5月～8月は午後6時まで),日曜日、祝日、年末年始,,,,1,1,,,,江戸川台駅,30,https://www.city.nagareyama.chiba.jp/life/1001107/1001229/1001231.html,令和7年3月25日,,,2026-09-23
おおたかの森北1号公園,35.877452,139.922989,公園,スプリング遊具・ブランコのある公園です。流山おおたかの森駅から徒歩10分。,https://www.city.nagareyama.chiba.jp/institution/1004355/1004556/1027547.html,流山市 施設案内,https://www.city.nagareyama.chiba.jp/institution/1004355/1004556/1027547.html,公園 > 公園（中部地域）,公園,,,,,スプリング遊具・ブランコ,,,,,,,,流山おおたかの森駅,10,,令和3年8月13日,,,2026-09-23
おおたかの森北1号緑地,35.875076,139.928396,公園,スプリング施設・ブランコのある公園です。流山おおたかの森駅から徒歩7分。,https://www.city.nagareyama.chiba.jp/institution/1004355/1004556/1027592.html,流山市 施設案内,https://www.city.nagareyama.chiba.jp/institution/1004355/1004556/1027592.html,公園 > 公園（中部地域）,公園,,,,,スプリング施設・ブランコ,,,,,,,,流山おおたかの森駅,7,,令和3年8月13日,,,2026-09-23
おおたかの森北2号公園,35.878749,139.924941,公園,すべり台・シーソー・リンク遊具のある公園です。流山おおたかの森駅から徒歩15分。,https://www.city.nagareyama.chiba.jp/institution/1004355/1004556/1004624.html,流山市 施設案内,https://www.city.nagareyama.chiba.jp/institution/1004355/1004556/1004624.html,公園 > 公園（中部地域）,公園,,,,,すべり台・シーソー・リンク遊具,,,,,,,,流山おおたかの森駅,15,,令和2年8月12日,,,2026-09-23
おおたかの森北2号緑地,35.875615,139.92794,公園,市が管理する公園です。流山おおたかの森駅から徒歩7分。,https://www.city.nagareyama.chiba.jp/institution/1004355/1004556/1027594.html,流山市 施設案内,https://www.city.nagareyama.chiba.jp/institution/1004355/1004556/1027594.html,公園 > 公園（中部地域）,公園,,,,,,,,,,,,,流山おおたかの森駅,7,,令和3年8月13日,,,2026-09-23
おおたかの森北3号緑地,35.87735,139.927037,公園,市が管理する公園です。流山おおたかの森駅から徒歩15分。,https://www.city.nagareyama.chiba.jp/institution/1004355/1004556/1027585.html,流山市 施設案内,https://www.city.nagareyama.chiba.jp/institution/1004355/1004556/1027585.html,公園 > 公園（中部地域）,公園,,,,,,,,,,,,,流山おおたかの森駅,15,,令和3年8月13日,,,2026-09-23
おおたかの森北4号緑地,35.880354,139.929508,公園,市が管理する公園です。流山おおたかの森駅から徒歩18分。,https://www.city.nagareyama.chiba.jp/institution/1004355/1004556/1027593.html,流山市 施設案内,https://www.city.nagareyama.chiba.jp/institution/1004355/1004556/1027593.html,公園 > 公園（中部地域）,公園,,,,,,,,,,,,,流山おおたかの森駅,18,,令和3年8月13日,,,2026-09-23
おおたかの森北5号緑地,35.880765,139.930209,公園,市が管理する公園です。流山おおたかの森駅から徒歩20分。,https://www.city.nagareyama.chiba.jp/institution/1004355/1004556/1027587.html,流山市 施設案内,https://www.city.nagareyama.chiba.jp/institution/1004355/1004556/1027587.html,公園 > 公園（中部地域）,公園,,,,,,,,,,,,,流山おおたかの森駅,20,,令和3年8月13日,,,2026-09-23
おおたかの森北6号緑地,35.880526,139.930768,公園,市が管理する公園です。流山おおたかの森駅から徒歩23分。,https://www.city.nagareyama.chiba.jp/institution/1004355/1004556/1027569.html,流山市 施設案内,https://www.city.nagareyama.chiba.jp/institution/1004355/1004556/1027569.html,公園 > 公園（中部地域）,公園,,,,,,,,,,,,,流山おおたかの森駅,23,,令和3年8月13日,,,2026-09-23
おおたかの森北7号緑地,35.880805,139.925712,公園,市が管理する公園です。初石駅から徒歩17分。,https://www.city.nagareyama.chiba.jp/institution/1004355/1004556/1027591.html,流山市 施設案内,https://www.city.nagareyama.chiba.jp/institution/1004355/1004556/1027591.html,公園 > 公園（中部地域）,公園,,,,,,,,,,,,,初石駅,17,,令和3年8月13日,,,2026-09-23
おおたかの森北8号緑地,35.882404,139.927876,公園,市が管理する公園です。初石駅から徒歩13分。,https://www.city.nagareyama.chiba.jp/institution/1004355/1004556/1027561.html,流山市 施設案内,https://www.city.nagareyama.chiba.jp/institution/1004355/1004556/1027561.html,公園 > 公園（中部地域）,公園,,,,,,,,,,,,,初石駅,13,,令和2年8月14日,,,2026-09-23
おおたかの森南2号公園,35.865805,139.925654,公園,ブランコ・リンク遊具・サーカスクライムのある公園です。流山おおたかの森駅から徒歩11分。,https://www.city.nagareyama.chiba.jp/institution/1004355/1004556/1004629.html,流山市 施設案内,https://www.city.nagareyama.chiba.jp/institution/1004355/1004556/1004629.html,公園 > 公園（中部地域）,公園,,,,,ブランコ・リンク遊具・サーカスクライム,,,,,,,,流山おおたかの森駅,11,,令和2年8月12日,,,2026-09-23
おおたかの森南3号公園,35.86413,139.922856,公園,ブランコ・ドームジャングル・リンク遊具のある公園です。流山おおたかの森駅から徒歩14分。,https://www.city.nagareyama.chiba.jp/institution/1004355/1004556/1004630.html,流山市 施設案内,https://www.city.nagareyama.chiba.jp/institution/1004355/1004556/1004630.html,公園 > 公園（中部地域）,公園,,,,,ブランコ・ドームジャングル・リンク遊具,,,,,,,,流山おおたかの森駅,14,,令和2年8月12日,,,2026-09-23
おおたかの森東1号公園,35.87294,139.932004,公園,すべり台・リンク遊具のある公園です。,https://www.city.nagareyama.chiba.jp/institution/1004355/1004556/1004627.html,流山市 施設案内,https://www.city.nagareyama.chiba.jp/institution/1004355/1004556/1004627.html,公園 > 公園（中部地域）,公園,,,,,すべり台・リンク遊具,,,,,,,,,,,令和2年8月12日,,,2026-09-23
おおたかの森東1号緑地,35.87453,139.928897,公園,市が管理する公園です。流山おおたかの森駅から徒歩5分。,https://www.city.nagareyama.chiba.jp/institution/1004355/1004556/1027586.html,流山市 施設案内,https://www.city.nagareyama.chiba.jp/institution/1004355/1004556/1027586.html,公園 > 公園（中部地域）,公園,,,,,,,,,,,,,流山おおたかの森駅,5,,令和3年8月13日,,,2026-09-23
おおたかの森東2号公園,35.877335,139.935224,公園,ブランコ・リンク遊具のある公園です。流山おおたかの森駅から徒歩18分。,https://www.city.nagareyama.chiba.jp/institution/1004355/1004556/1004628.html,流山市 施設案内,https://www.city.nagareyama.chiba.jp/institution/1004355/1004556/1004628.html,公園 > 公園（中部地域）,公園,,,,,ブランコ・リンク遊具,,,,,,,,流山おおたかの森駅,18,,令和2年8月12日,,,2026-09-23
おおたかの森東2号緑地,35.874533,139.929243,公園,市が管理する公園です。流山おおたかの森駅から徒歩5分。,https://www.city.nagareyama.chiba.jp/institution/1004355/1004556/1027588.html,流山市 施設案内,https://www.city.nagareyama.chiba.jp/institution/1004355/1004556/1027588.html,公園 > 公園（中部地域）,公園,,,,,,,,,,,,,流山おおたかの森駅,5,,令和3年8月13日,,,2026-09-23
おおたかの森東3号公園,35.873389,139.93691,公園,スプリング遊具・ジャングルジムのある公園です。流山おおたかの森駅から徒歩14分。,https://www.city.nagareyama.chiba.jp/institution/1004355/1004556/1027557.html,流山市 施設案内,https://www.city.nagareyama.chiba.jp/institution/1004355/1004556/1027557.html,公園 > 公園（中部地域）,公園,,,,,スプリング遊具・ジャングルジム,,,,,,,,流山おおたかの森駅,14,,令和3年8月13日,,,2026-09-23
おおたかの森東3号緑地,35.8733,139.930624,公園,市が管理する公園です。流山おおたかの森駅から徒歩6分。,https://www.city.nagareyama.chiba.jp/institution/1004355/1004556/1027589.html,流山市 施設案内,https://www.city.nagareyama.chiba.jp/institution/1004355/1004556/1027589.html,公園 > 公園（中部地域）,公園,,,,,,,,,,,,,流山おおたかの森駅,6,,令和3年8月13日,,,2026-09-23
おおたかの森東4号緑地,35.872907,139.930834,公園,市が管理する公園です。,https://www.city.nagareyama.chiba.jp/institution/1004355/1004556/1004642.html,流山市 施設案内,https://www.city.nagareyama.chiba.jp/institution/1004355/1004556/1004642.html,公園 > 公園（中部地域）,公園,,,,,,,,,,,,,,,,平成29年9月15日,,,2026-09-23
おおたかの森東5号緑地,35.872255,139.931651,公園,市が管理する公園です。流山おおたかの森駅から徒歩10分。,https://www.city.nagareyama.chiba.jp/institution/1004355/1004556/1027568.html,流山市 施設案内,https://www.city.nagareyama.chiba.jp/institution/1004355/1004556/1027568.html,公園 > 公園（中部地域）,公園,,,,,,,,,,,,,流山おおたかの森駅,10,,令和2年8月14日,,,2026-09-23
おおたかの森東6号緑地,35.872275,139.933351,公園,市が管理する公園です。流山おおたかの森駅から徒歩11分。,https://www.city.nagareyama.chiba.jp/institution/1004355/1004556/1027567.html,流山市 施設案内,https://www.city.nagareyama.chiba.jp/institution/1004355/1004556/1027567.html,公園 > 公園（中部地域）,公園,,,,,,,,,,,,,流山おおたかの森駅,11,,令和2年8月14日,,,2026-09-23
おおたかの森東7号緑地,35.87224,139.934902,公園,市が管理する公園です。流山おおたかの森駅から徒歩13分。,https://www.city.nagareyama.chiba.jp/institution/1004355/1004556/1027566.html,流山市 施設案内,https://www.city.nagareyama.chiba.jp/institution/1004355/1004556/1027566.html,公園 > 公園（中部地域）,公園,,,,,,,,,,,,,流山おおたかの森駅,13,,令和2年8月13日,,,2026-09-23
おおたかの森東9号緑地,35.876868,139.933474,公園,市が管理する公園です。流山おおたかの森駅から徒歩12分。,https://www.city.nagareyama.chiba.jp/institution/1004355/1004556/1027590.html,流山市 施設案内,https://www.city.nagareyama.chiba.jp/institution/1004355/1004556/1027590.html,公園 > 公園（中部地域）,公園,,,,,,,,,,,,,流山おおたかの森駅,12,,令和3年8月13日,,,2026-09-23
おおたかの森西1号公園,35.876289,139.919349,公園,すべり台のある公園です。流山おおたかの森駅から徒歩13分。,https://www.city.nagareyama.chiba.jp/institution/1004355/1004556/1004625.html,流山市 施設案内,https://www.city.nagareyama.chiba.jp/institution/1004355/1004556/1004625.html,公園 > 公園（中部地域）,公園,,,,,すべり台,,,,,,,,流山おおたかの森駅,13,,令和2年8月12日,,,2026-09-23
おおたかの森西2号公園,35.868152,139.9206,公園,すべり台・サーカスクライム・リンク遊具のある公園です。,https://www.city.nagareyama.chiba.jp/institution/1004355/1004556/1004626.html,流山市 施設案内,https://www.city.nagareyama.chiba.jp/institution/1004355/1004556/1004626.html,公園 > 公園（中部地域）,公園,,,,,すべり台・サーカスクライム・リンク遊具,,,,,,,,,,,令和2年8月12日,,,2026-09-23
おおたかの森西3号公園,35.876554,139.92164,公園,市が管理する公園です。おおたかの森駅から徒歩12分。,https://www.city.nagareyama.chiba.jp/institution/1004355/1004556/1027542.html,流山市 施設案内,https://www.city.nagareyama.chiba.jp/institution/1004355/1004556/1027542.html,公園 > 公園（中部地域）,公園,,,,,,,,,,,,,おおたかの森駅,12,,令和2年8月12日,,,2026-09-23
こうのす台1号公園,35.904569,139.916915,公園,鉄棒のある公園です。江戸川台駅から徒歩15分。,https://www.city.nagareyama.chiba.jp/institution/1004355/1004357/1004425.html,流山市 施設案内,https://www.city.nagareyama.chiba.jp/institution/1004355/1004357/1004425.html,公園 > 公園（北部地域）,公園,,,,,鉄棒,,,,,,,,江戸川台駅,15,,令和3年8月13日,,,2026-09-23
こうのす台1号緑地,35.906918,139.917513,公園,市が管理する公園です。,https://www.city.nagareyama.chiba.jp/institution/1004355/1004357/1004462.html,流山市 施設案内,https://www.city.nagareyama.chiba.jp/institution/1004355/1004357/1004462.html,公園 > 公園（北部地域）,公園,,,,,,,,,,,,,,,,平成29年9月15日,,,2026-09-23
こうのす台2号公園,35.90479,139.917633,公園,太鼓橋・鉄棒のある公園です。江戸川台駅から徒歩16分。,https://www.city.nagareyama.chiba.jp/institution/1004355/1004357/1004426.html,流山市 施設案内,https://www.city.nagareyama.chiba.jp/institution/1004355/1004357/1004426.html,公園 > 公園（北部地域）,公園,,,,,太鼓橋・鉄棒,,,,,,,,江戸川台駅,16,,令和3年8月13日,,,2026-09-23
こうのす台3号公園,35.907544,139.918443,公園,ブランコ・鉄棒のある公園です。江戸川台駅から徒歩20分。,https://www.city.nagareyama.chiba.jp/institution/1004355/1004357/1004427.html,流山市 施設案内,https://www.city.nagareyama.chiba.jp/institution/1004355/1004357/1004427.html,公園 > 公園（北部地域）,公園,,,,,ブランコ・鉄棒,,,,,,,,江戸川台駅,20,,令和2年8月18日,,,2026-09-23
こうのす台4号公園,35.903669,139.915529,公園,市が管理する公園です。江戸川台駅から徒歩12分。,https://www.city.nagareyama.chiba.jp/institution/1004355/1004357/1004428.html,流山市 施設案内,https://www.city.nagareyama.chiba.jp/institution/1004355/1004357/1004428.html,公園 > 公園（北部地域）,公園,,,,,,,,,,,,,江戸川台駅,12,,令和2年8月18日,,,2026-09-23
こうのす台5号公園,35.90531,139.91928,公園,市が管理する公園です。江戸川台駅から徒歩18分。,https://www.city.nagareyama.chiba.jp/institution/1004355/1004357/1004429.html,流山市 施設案内,https://www.city.nagareyama.chiba.jp/institution/1004355/1004357/1004429.html,公園 > 公園（北部地域）,公園,,,,,,,,,,,,,江戸川台駅,18,,令和2年8月18日,,,2026-09-23
こうのす台緑地,35.903883,139.918176,公園,市が管理する公園です。,https://www.city.nagareyama.chiba.jp/institution/1004355/1004357/1004472.html,流山市 施設案内,https://www.city.nagareyama.chiba.jp/institution/1004355/1004357/1004472.html,公園 > 公園（北部地域）,公園,,,,,,,,,,,,,,,,平成29年9月15日,,,2026-09-23
こんぴら緑地,35.885829,139.908401,公園,市が管理する公園です。トイレがあります。,https://www.city.nagareyama.chiba.jp/institution/1004355/1004556/1004635.html,流山市 施設案内,https://www.city.nagareyama.chiba.jp/institution/1004355/1004556/1004635.html,公園 > 公園（中部地域）,公園,,,,,,1,,,,,,,,,,平成29年9月15日,,,2026-09-23
におどり公園,35.913196,139.888507,公園,複合遊具のある公園です。広さは約1.6ヘクタール。トイレがあります。運河駅から徒歩19分。,https://www.city.nagareyama.chiba.jp/institution/1004355/1004357/1004359.html,流山市 施設案内,https://www.city.nagareyama.chiba.jp/institution/1004355/1004357/1004359.html,公園 > 公園（北部地域）,公園,,,,,複合遊具,1,約1.6ヘクタール,,,,,,運河駅,19,,令和2年8月14日,,,2026-09-23
みどり台公園,35.862107,139.935987,公園,ブランコ・鉄棒のある公園です。,https://www.city.nagareyama.chiba.jp/institution/1004355/1004479/1004529.html,流山市 施設案内,https://www.city.nagareyama.chiba.jp/institution/1004355/1004479/1004529.html,公園 > 公園（東部地域）,公園,,,,,ブランコ・鉄棒,,,,,,,,,,,平成29年9月15日,,,2026-09-23
コミュニティ第1児童公園,35.860478,139.926442,公園,ブランコ・鉄棒・ドーム型ジャングルジム・すべり台のある公園です。トイレがあります。流山セントラルパーク駅から徒歩20分。,https://www.city.nagareyama.chiba.jp/institution/1004355/1004479/1004486.html,流山市 施設案内,https://www.city.nagareyama.chiba.jp/institution/1004355/1004479/1004486.html,公園 > 公園（東部地域）,公園,,,,,ブランコ・鉄棒・ドーム型ジャングルジム・すべり台,1,,,,,,,流山セントラルパーク駅,20,,令和4年4月25日,,,2026-09-23
コミュニティ第3児童公園,35.854352,139.924305,公園,タイヤのぼり・タイヤ橋のある公園です。,https://www.city.nagareyama.chiba.jp/institution/1004355/1004479/1004488.html,流山市 施設案内,https://www.city.nagareyama.chiba.jp/institution/1004355/1004479/1004488.html,公園 > 公園（東部地域）,公園,,,,,タイヤのぼり・タイヤ橋,,,,,,,,,,,平成29年9月15日,,,2026-09-23
コミュニティ第２児童公園,35.860626,139.932898,公園,すべり台・リングうんていのある公園です。トイレがあります。,https://www.city.nagareyama.chiba.jp/institution/1004355/1004479/1004487.html,流山市 施設案内,https://www.city.nagareyama.chiba.jp/institution/1004355/1004479/1004487.html,公園 > 公園（東部地域）,公園,,,,,すべり台・リングうんてい,1,,,,,,,,,,平成29年9月15日,,,2026-09-23
三輪野山1号公園,35.869816,139.906875,公園,市が管理する公園です。流山駅から徒歩22分。,https://www.city.nagareyama.chiba.jp/institution/1004355/1004646/1004693.html,流山市 施設案内,https://www.city.nagareyama.chiba.jp/institution/1004355/1004646/1004693.html,公園 > 公園（南部地域）,公園,,,,,,,,,,,,,流山駅,22,,令和2年8月18日,,,2026-09-23
三輪野山1号緑地,35.868551,139.905633,公園,市が管理する公園です。流山駅から徒歩21分。,https://www.city.nagareyama.chiba.jp/institution/1004355/1004646/1004706.html,流山市 施設案内,https://www.city.nagareyama.chiba.jp/institution/1004355/1004646/1004706.html,公園 > 公園（南部地域）,公園,,,,,,,,,,,,,流山駅,21,,令和2年8月18日,,,2026-09-23
三輪野山2号公園,35.870945,139.907762,公園,市が管理する公園です。流山駅から徒歩23分。,https://www.city.nagareyama.chiba.jp/institution/1004355/1004646/1004694.html,流山市 施設案内,https://www.city.nagareyama.chiba.jp/institution/1004355/1004646/1004694.html,公園 > 公園（南部地域）,公園,,,,,,,,,,,,,流山駅,23,,令和2年8月18日,,,2026-09-23
三輪野山2号緑地,35.870359,139.907508,公園,市が管理する公園です。流山駅から徒歩17分。,https://www.city.nagareyama.chiba.jp/institution/1004355/1004646/1004707.html,流山市 施設案内,https://www.city.nagareyama.chiba.jp/institution/1004355/1004646/1004707.html,公園 > 公園（南部地域）,公園,,,,,,,,,,,,,流山駅,17,,令和2年8月18日,,,2026-09-23
三輪野山3号公園,35.867402,139.905977,公園,市が管理する公園です。流山駅から徒歩18分。,https://www.city.nagareyama.chiba.jp/institution/1004355/1004646/1004695.html,流山市 施設案内,https://www.city.nagareyama.chiba.jp/institution/1004355/1004646/1004695.html,公園 > 公園（南部地域）,公園,,,,,,,,,,,,,流山駅,18,,令和2年8月18日,,,2026-09-23
三輪野山3号緑地,35.869737,139.911184,公園,市が管理する公園です。,https://www.city.nagareyama.chiba.jp/institution/1004355/1004646/1004708.html,流山市 施設案内,https://www.city.nagareyama.chiba.jp/institution/1004355/1004646/1004708.html,公園 > 公園（南部地域）,公園,,,,,,,,,,,,,,,,令和2年8月18日,,,2026-09-23
三輪野山4号公園,35.865437,139.910494,公園,市が管理する公園です。流山駅から徒歩22分。,https://www.city.nagareyama.chiba.jp/institution/1004355/1004646/1004696.html,流山市 施設案内,https://www.city.nagareyama.chiba.jp/institution/1004355/1004646/1004696.html,公園 > 公園（南部地域）,公園,,,,,,,,,,,,,流山駅,22,,令和2年8月18日,,,2026-09-23
三輪野山5号公園,35.865655,139.911945,公園,複合遊具・スプリング遊具のある公園です。流山おおたかの森駅から徒歩21分。,https://www.city.nagareyama.chiba.jp/institution/1004355/1004646/1004697.html,流山市 施設案内,https://www.city.nagareyama.chiba.jp/institution/1004355/1004646/1004697.html,公園 > 公園（南部地域）,公園,,,,,複合遊具・スプリング遊具,,,,,,,,流山おおたかの森駅,21,,令和2年8月18日,,,2026-09-23
三輪野山5号緑地,35.869914,139.908581,公園,市が管理する公園です。流山駅から徒歩23分。,https://www.city.nagareyama.chiba.jp/institution/1004355/1004646/1004709.html,流山市 施設案内,https://www.city.nagareyama.chiba.jp/institution/1004355/1004646/1004709.html,公園 > 公園（南部地域）,公園,,,,,,,,,,,,,流山駅,23,,令和2年8月18日,,,2026-09-23
三輪野山8号緑地,35.865294,139.908806,公園,市が管理する公園です。流山駅から徒歩20分。,https://www.city.nagareyama.chiba.jp/institution/1004355/1004646/1004710.html,流山市 施設案内,https://www.city.nagareyama.chiba.jp/institution/1004355/1004646/1004710.html,公園 > 公園（南部地域）,公園,,,,,,,,,,,,,流山駅,20,,令和2年8月18日,,,2026-09-23
三輪野山散策の森,35.870501,139.909141,公園,市が管理する公園です。,https://www.city.nagareyama.chiba.jp/institution/1004355/1004646/1004714.html,流山市 施設案内,https://www.city.nagareyama.chiba.jp/institution/1004355/1004646/1004714.html,公園 > 公園（南部地域）,公園,,,,,,,,,,,,,,,,平成29年9月15日,,,2026-09-23
三輪野山近隣公園,35.864006,139.909303,公園,複合遊具のある公園です。トイレがあります。流山セントラルパーク駅から徒歩17分。,https://www.city.nagareyama.chiba.jp/institution/1004355/1004646/1004692.html,流山市 施設案内,https://www.city.nagareyama.chiba.jp/institution/1004355/1004646/1004692.html,公園 > 公園（南部地域）,公園,,,,,複合遊具,1,,,,,,,流山セントラルパーク駅,17,,令和2年8月18日,,,2026-09-23
不二公園,35.834703,139.939203,公園,ブランコ・スプリング遊具のある公園です。,https://www.city.nagareyama.chiba.jp/institution/1004355/1004479/1004528.html,流山市 施設案内,https://www.city.nagareyama.chiba.jp/institution/1004355/1004479/1004528.html,公園 > 公園（東部地域）,公園,,,,,ブランコ・スプリング遊具,,,,,,,,,,,平成29年9月15日,,,2026-09-23
中島ふれあい公園,35.838055,139.912485,公園,シーソーのある公園です。鰭ケ崎駅から徒歩7分。,https://www.city.nagareyama.chiba.jp/institution/1004355/1004646/1004691.html,流山市 施設案内,https://www.city.nagareyama.chiba.jp/institution/1004355/1004646/1004691.html,公園 > 公園（南部地域）,公園,,,,,シーソー,,,,,,,,鰭ケ崎駅,7,,令和2年8月18日,,,2026-09-23
中島ふれあい緑道,35.837861,139.911204,公園,市が管理する公園です。,https://www.city.nagareyama.chiba.jp/institution/1004355/1004646/1004712.html,流山市 施設案内,https://www.city.nagareyama.chiba.jp/institution/1004355/1004646/1004712.html,公園 > 公園（南部地域）,公園,,,,,,,,,,,,,,,,平成29年9月15日,,,2026-09-23
中野久木1号公園,35.8945,139.906855,公園,リンク遊具のある公園です。江戸川台駅から徒歩7分。,https://www.city.nagareyama.chiba.jp/institution/1004355/1004357/1004444.html,流山市 施設案内,https://www.city.nagareyama.chiba.jp/institution/1004355/1004357/1004444.html,公園 > 公園（北部地域）,公園,,,,,リンク遊具,,,,,,,,江戸川台駅,7,,令和3年8月13日,,,2026-09-23
中野久木2号公園,35.895358,139.906046,公園,ブランコのある公園です。江戸川台駅から徒歩7分。,https://www.city.nagareyama.chiba.jp/institution/1004355/1004357/1004445.html,流山市 施設案内,https://www.city.nagareyama.chiba.jp/institution/1004355/1004357/1004445.html,公園 > 公園（北部地域）,公園,,,,,ブランコ,,,,,,,,江戸川台駅,7,,令和3年8月13日,,,2026-09-23
中野久木3号公園,35.895336,139.906662,公園,ブランコのある公園です。江戸川台駅から徒歩6分。,https://www.city.nagareyama.chiba.jp/institution/1004355/1004357/1004446.html,流山市 施設案内,https://www.city.nagareyama.chiba.jp/institution/1004355/1004357/1004446.html,公園 > 公園（北部地域）,公園,,,,,ブランコ,,,,,,,,江戸川台駅,6,,令和3年8月13日,,,2026-09-23
中野久木4号公園,35.894535,139.905784,公園,市が管理する公園です。江戸川台駅から徒歩8分。,https://www.city.nagareyama.chiba.jp/institution/1004355/1004357/1004447.html,流山市 施設案内,https://www.city.nagareyama.chiba.jp/institution/1004355/1004357/1004447.html,公園 > 公園（北部地域）,公園,,,,,,,,,,,,,江戸川台駅,8,,令和3年8月13日,,,2026-09-23
中野久木散策の森,35.89657,139.905239,公園,市が管理する公園です。広さは約1.4ヘクタール。江戸川台駅から徒歩8分。,https://www.city.nagareyama.chiba.jp/institution/1004355/1004357/1004362.html,流山市 施設案内,https://www.city.nagareyama.chiba.jp/institution/1004355/1004357/1004362.html,公園 > 公園（北部地域）,公園,,,,,,,約1.4ヘクタール,,,,,,江戸川台駅,8,,令和2年8月18日,,,2026-09-23
中野久木緑道,35.895478,139.905395,公園,市が管理する公園です。,https://www.city.nagareyama.chiba.jp/institution/1004355/1004357/1004471.html,流山市 施設案内,https://www.city.nagareyama.chiba.jp/institution/1004355/1004357/1004471.html,公園 > 公園（北部地域）,公園,,,,,,,,,,,,,,,,平成29年9月15日,,,2026-09-23
八木南1号公園,35.854155,139.931132,公園,すべり台・ブランコ・ジャングルジム・リンク遊具スプリング遊具のある公園です。,https://www.city.nagareyama.chiba.jp/institution/1004355/1004479/1004531.html,流山市 施設案内,https://www.city.nagareyama.chiba.jp/institution/1004355/1004479/1004531.html,公園 > 公園（東部地域）,公園,,,,,すべり台・ブランコ・ジャングルジム・リンク遊具スプリング遊具・鉄棒,,,,,,,,,,,平成29年9月15日,,,2026-09-23
初石10号公園,35.885243,139.914436,公園,すべり台のある公園です。,https://www.city.nagareyama.chiba.jp/institution/1004355/1004556/1004593.html,流山市 施設案内,https://www.city.nagareyama.chiba.jp/institution/1004355/1004556/1004593.html,公園 > 公園（中部地域）,公園,,,,,すべり台,,,,,,,,,,,平成29年9月15日,,,2026-09-23
初石11号公園,35.892869,139.913401,公園,ブランコのある公園です。,https://www.city.nagareyama.chiba.jp/institution/1004355/1004556/1004594.html,流山市 施設案内,https://www.city.nagareyama.chiba.jp/institution/1004355/1004556/1004594.html,公園 > 公園（中部地域）,公園,,,,,ブランコ,,,,,,,,,,,平成29年9月15日,,,2026-09-23
初石12号公園,35.887482,139.912857,公園,すべり台・ブランコ・鉄棒のある公園です。,https://www.city.nagareyama.chiba.jp/institution/1004355/1004556/1004595.html,流山市 施設案内,https://www.city.nagareyama.chiba.jp/institution/1004355/1004556/1004595.html,公園 > 公園（中部地域）,公園,,,,,すべり台・ブランコ・鉄棒,,,,,,,,,,,平成29年9月15日,,,2026-09-23
初石13号公園,35.879677,139.918822,公園,リンク遊具のある公園です。,https://www.city.nagareyama.chiba.jp/institution/1004355/1004556/1004596.html,流山市 施設案内,https://www.city.nagareyama.chiba.jp/institution/1004355/1004556/1004596.html,公園 > 公園（中部地域）,公園,,,,,リンク遊具,,,,,,,,,,,平成29年9月15日,,,2026-09-23
初石14号公園,35.870658,139.928536,公園,ブランコ・リンク遊具のある公園です。流山おおたかの森駅から徒歩5分。,https://www.city.nagareyama.chiba.jp/institution/1004355/1004556/1004597.html,流山市 施設案内,https://www.city.nagareyama.chiba.jp/institution/1004355/1004556/1004597.html,公園 > 公園（中部地域）,公園,,,,,ブランコ・リンク遊具,,,,,,,,流山おおたかの森駅,5,,令和2年8月12日,,,2026-09-23
初石15号公園,35.887973,139.917308,公園,シーソー・鉄棒のある公園です。,https://www.city.nagareyama.chiba.jp/institution/1004355/1004556/1004598.html,流山市 施設案内,https://www.city.nagareyama.chiba.jp/institution/1004355/1004556/1004598.html,公園 > 公園（中部地域）,公園,,,,,シーソー・鉄棒,,,,,,,,,,,平成29年9月15日,,,2026-09-23
初石16号公園,35.891502,139.915297,公園,すべり台のある公園です。,https://www.city.nagareyama.chiba.jp/institution/1004355/1004556/1004599.html,流山市 施設案内,https://www.city.nagareyama.chiba.jp/institution/1004355/1004556/1004599.html,公園 > 公園（中部地域）,公園,,,,,すべり台,,,,,,,,,,,平成29年9月15日,,,2026-09-23
初石17号公園,35.887021,139.913414,公園,シーソーのある公園です。,https://www.city.nagareyama.chiba.jp/institution/1004355/1004556/1004600.html,流山市 施設案内,https://www.city.nagareyama.chiba.jp/institution/1004355/1004556/1004600.html,公園 > 公園（中部地域）,公園,,,,,シーソー,,,,,,,,,,,平成29年9月15日,,,2026-09-23
初石18号公園,35.881088,139.919657,公園,複合遊具・リンク遊具のある公園です。,https://www.city.nagareyama.chiba.jp/institution/1004355/1004556/1004601.html,流山市 施設案内,https://www.city.nagareyama.chiba.jp/institution/1004355/1004556/1004601.html,公園 > 公園（中部地域）,公園,,,,,複合遊具・リンク遊具,,,,,,,,,,,平成29年9月15日,,,2026-09-23
初石19号公園,35.881294,139.915056,公園,市が管理する公園です。,https://www.city.nagareyama.chiba.jp/institution/1004355/1004556/1004602.html,流山市 施設案内,https://www.city.nagareyama.chiba.jp/institution/1004355/1004556/1004602.html,公園 > 公園（中部地域）,公園,,,,,,,,,,,,,,,,平成29年9月15日,,,2026-09-23
初石1号公園,35.888518,139.920866,公園,すべり台・ブランコ・ジャングルジム・シーソーのある公園です。初石駅から徒歩9分。,https://www.city.nagareyama.chiba.jp/institution/1004355/1004556/1004585.html,流山市 施設案内,https://www.city.nagareyama.chiba.jp/institution/1004355/1004556/1004585.html,公園 > 公園（中部地域）,公園,,,,,すべり台・ブランコ・ジャングルジム・シーソー・鉄棒,,,,,,,,初石駅,9,,令和2年2月3日,,,2026-09-23
初石20号公園,35.883391,139.913951,公園,スプリング遊具のある公園です。,https://www.city.nagareyama.chiba.jp/institution/1004355/1004556/1004603.html,流山市 施設案内,https://www.city.nagareyama.chiba.jp/institution/1004355/1004556/1004603.html,公園 > 公園（中部地域）,公園,,,,,スプリング遊具,,,,,,,,,,,平成29年9月15日,,,2026-09-23
初石21号公園,35.880588,139.916674,公園,複合遊具のある公園です。,https://www.city.nagareyama.chiba.jp/institution/1004355/1004556/1004604.html,流山市 施設案内,https://www.city.nagareyama.chiba.jp/institution/1004355/1004556/1004604.html,公園 > 公園（中部地域）,公園,,,,,複合遊具,,,,,,,,,,,平成29年9月15日,,,2026-09-23
初石22号公園,35.888823,139.917368,公園,複合遊具・スプリング遊具のある公園です。,https://www.city.nagareyama.chiba.jp/institution/1004355/1004556/1004605.html,流山市 施設案内,https://www.city.nagareyama.chiba.jp/institution/1004355/1004556/1004605.html,公園 > 公園（中部地域）,公園,,,,,複合遊具・スプリング遊具,,,,,,,,,,,平成29年9月15日,,,2026-09-23
初石23号公園,35.880292,139.917515,公園,すべり台のある公園です。,https://www.city.nagareyama.chiba.jp/institution/1004355/1004556/1004606.html,流山市 施設案内,https://www.city.nagareyama.chiba.jp/institution/1004355/1004556/1004606.html,公園 > 公園（中部地域）,公園,,,,,すべり台,,,,,,,,,,,平成29年9月15日,,,2026-09-23
初石24号公園,35.885808,139.918508,公園,市が管理する公園です。,https://www.city.nagareyama.chiba.jp/institution/1004355/1004556/1004607.html,流山市 施設案内,https://www.city.nagareyama.chiba.jp/institution/1004355/1004556/1004607.html,公園 > 公園（中部地域）,公園,,,,,,,,,,,,,,,,平成29年9月15日,,,2026-09-23
初石25号公園,35.890142,139.910861,公園,スプリング遊具のある公園です。,https://www.city.nagareyama.chiba.jp/institution/1004355/1004556/1004608.html,流山市 施設案内,https://www.city.nagareyama.chiba.jp/institution/1004355/1004556/1004608.html,公園 > 公園（中部地域）,公園,,,,,スプリング遊具,,,,,,,,,,,平成29年9月15日,,,2026-09-23
初石26号公園,35.887293,139.910571,公園,すべり台・スプリング遊具のある公園です。,https://www.city.nagareyama.chiba.jp/institution/1004355/1004556/1004609.html,流山市 施設案内,https://www.city.nagareyama.chiba.jp/institution/1004355/1004556/1004609.html,公園 > 公園（中部地域）,公園,,,,,すべり台・スプリング遊具,,,,,,,,,,,平成29年9月15日,,,2026-09-23
初石27号公園,35.888844,139.910693,公園,スプリング遊具のある公園です。,https://www.city.nagareyama.chiba.jp/institution/1004355/1004556/1004610.html,流山市 施設案内,https://www.city.nagareyama.chiba.jp/institution/1004355/1004556/1004610.html,公園 > 公園（中部地域）,公園,,,,,スプリング遊具,,,,,,,,,,,平成29年9月15日,,,2026-09-23
初石28号公園,35.890274,139.914113,公園,スプリング遊具のある公園です。,https://www.city.nagareyama.chiba.jp/institution/1004355/1004556/1004611.html,流山市 施設案内,https://www.city.nagareyama.chiba.jp/institution/1004355/1004556/1004611.html,公園 > 公園（中部地域）,公園,,,,,スプリング遊具,,,,,,,,,,,平成29年9月15日,,,2026-09-23
初石29号公園,35.888145,139.915283,公園,スプリング遊具のある公園です。,https://www.city.nagareyama.chiba.jp/institution/1004355/1004556/1004612.html,流山市 施設案内,https://www.city.nagareyama.chiba.jp/institution/1004355/1004556/1004612.html,公園 > 公園（中部地域）,公園,,,,,スプリング遊具,,,,,,,,,,,平成29年9月15日,,,2026-09-23
初石30号公園,35.880323,139.919944,公園,スプリング遊具のある公園です。,https://www.city.nagareyama.chiba.jp/institution/1004355/1004556/1004613.html,流山市 施設案内,https://www.city.nagareyama.chiba.jp/institution/1004355/1004556/1004613.html,公園 > 公園（中部地域）,公園,,,,,スプリング遊具,,,,,,,,,,,平成29年9月15日,,,2026-09-23
初石31号公園,35.887456,139.913698,公園,市が管理する公園です。,https://www.city.nagareyama.chiba.jp/institution/1004355/1004556/1004614.html,流山市 施設案内,https://www.city.nagareyama.chiba.jp/institution/1004355/1004556/1004614.html,公園 > 公園（中部地域）,公園,,,,,,,,,,,,,,,,平成29年9月15日,,,2026-09-23
初石32号公園,35.886884,139.917331,公園,スプリング遊具のある公園です。,https://www.city.nagareyama.chiba.jp/institution/1004355/1004556/1004615.html,流山市 施設案内,https://www.city.nagareyama.chiba.jp/institution/1004355/1004556/1004615.html,公園 > 公園（中部地域）,公園,,,,,スプリング遊具,,,,,,,,,,,平成29年9月15日,,,2026-09-23
初石33号公園,35.889077,139.911375,公園,スプリング遊具のある公園です。,https://www.city.nagareyama.chiba.jp/institution/1004355/1004556/1004616.html,流山市 施設案内,https://www.city.nagareyama.chiba.jp/institution/1004355/1004556/1004616.html,公園 > 公園（中部地域）,公園,,,,,スプリング遊具,,,,,,,,,,,平成29年9月15日,,,2026-09-23
初石34号公園,35.890548,139.911662,公園,リンク遊具のある公園です。,https://www.city.nagareyama.chiba.jp/institution/1004355/1004556/1004617.html,流山市 施設案内,https://www.city.nagareyama.chiba.jp/institution/1004355/1004556/1004617.html,公園 > 公園（中部地域）,公園,,,,,リンク遊具,,,,,,,,,,,平成29年9月15日,,,2026-09-23
初石35号公園,35.886934,139.915939,公園,すべり台・スプリング遊具のある公園です。,https://www.city.nagareyama.chiba.jp/institution/1004355/1004556/1004618.html,流山市 施設案内,https://www.city.nagareyama.chiba.jp/institution/1004355/1004556/1004618.html,公園 > 公園（中部地域）,公園,,,,,すべり台・スプリング遊具,,,,,,,,,,,平成29年9月15日,,,2026-09-23
初石36号公園,35.868589,139.928469,公園,すべり台・スプリング遊具のある公園です。流山おおたかの森駅から徒歩8分。,https://www.city.nagareyama.chiba.jp/institution/1004355/1004556/1004619.html,流山市 施設案内,https://www.city.nagareyama.chiba.jp/institution/1004355/1004556/1004619.html,公園 > 公園（中部地域）,公園,,,,,すべり台・スプリング遊具,,,,,,,,流山おおたかの森駅,8,,令和2年8月12日,,,2026-09-23
初石37号公園,35.878921,139.917762,公園,市が管理する公園です。,https://www.city.nagareyama.chiba.jp/institution/1004355/1004556/1004620.html,流山市 施設案内,https://www.city.nagareyama.chiba.jp/institution/1004355/1004556/1004620.html,公園 > 公園（中部地域）,公園,,,,,,,,,,,,,,,,平成29年9月15日,,,2026-09-23
初石39号公園,35.88918,139.916346,公園,リンク遊具のある公園です。,https://www.city.nagareyama.chiba.jp/institution/1004355/1004556/1004622.html,流山市 施設案内,https://www.city.nagareyama.chiba.jp/institution/1004355/1004556/1004622.html,公園 > 公園（中部地域）,公園,,,,,リンク遊具,,,,,,,,,,,平成29年9月15日,,,2026-09-23
初石3号公園,35.884345,139.922109,公園,すべり台・ブランコのある公園です。初石駅から徒歩7分。,https://www.city.nagareyama.chiba.jp/institution/1004355/1004556/1004586.html,流山市 施設案内,https://www.city.nagareyama.chiba.jp/institution/1004355/1004556/1004586.html,公園 > 公園（中部地域）,公園,,,,,すべり台・ブランコ,,,,,,,,初石駅,7,,令和2年2月3日,,,2026-09-23
初石3号緑地,35.879767,139.920027,公園,市が管理する公園です。,https://www.city.nagareyama.chiba.jp/institution/1004355/1004556/1004631.html,流山市 施設案内,https://www.city.nagareyama.chiba.jp/institution/1004355/1004556/1004631.html,公園 > 公園（中部地域）,公園,,,,,,,,,,,,,,,,平成29年9月15日,,,2026-09-23
初石40号公園,35.883408,139.920158,公園,市が管理する公園です。初石駅から徒歩4分。,https://www.city.nagareyama.chiba.jp/institution/1004355/1004357/1031812.html,流山市 施設案内,https://www.city.nagareyama.chiba.jp/institution/1004355/1004357/1031812.html,公園 > 公園（北部地域）,公園,,,,,,,,,,,,,初石駅,4,,令和3年8月6日,,,2026-09-23
初石41号公園,35.88299,139.9202,公園,複合遊具のある公園です。初石駅から徒歩5分。,https://www.city.nagareyama.chiba.jp/institution/1004355/1004357/1031813.html,流山市 施設案内,https://www.city.nagareyama.chiba.jp/institution/1004355/1004357/1031813.html,公園 > 公園（北部地域）,公園,,,,,複合遊具,,,,,,,,初石駅,5,,令和3年8月13日,,,2026-09-23
初石42号公園,35.88973,139.913615,公園,鉄棒のある公園です。初石駅から徒歩10分。,https://www.city.nagareyama.chiba.jp/institution/1004355/1004357/1031816.html,流山市 施設案内,https://www.city.nagareyama.chiba.jp/institution/1004355/1004357/1031816.html,公園 > 公園（北部地域）,公園,,,,,鉄棒,,,,,,,,初石駅,10,,令和3年8月13日,,,2026-09-23
初石43号公園,35.88929,139.912375,公園,スイング遊具のある公園です。初石駅から徒歩10分。,https://www.city.nagareyama.chiba.jp/institution/1004355/1004357/1048839.html,流山市 施設案内,https://www.city.nagareyama.chiba.jp/institution/1004355/1004357/1048839.html,公園 > 公園（北部地域）,公園,,,,,スイング遊具,,,,,,,,初石駅,10,,令和7年2月25日,,,2026-09-23
初石4号公園,35.885682,139.922226,公園,シーソーのある公園です。初石駅から徒歩9分。,https://www.city.nagareyama.chiba.jp/institution/1004355/1004556/1004587.html,流山市 施設案内,https://www.city.nagareyama.chiba.jp/institution/1004355/1004556/1004587.html,公園 > 公園（中部地域）,公園,,,,,シーソー,,,,,,,,初石駅,9,,令和2年2月3日,,,2026-09-23
初石5号公園,35.877082,139.914099,公園,すべり台・ブランコ・シーソーのある公園です。初石駅から徒歩13分。,https://www.city.nagareyama.chiba.jp/institution/1004355/1004556/1004588.html,流山市 施設案内,https://www.city.nagareyama.chiba.jp/institution/1004355/1004556/1004588.html,公園 > 公園（中部地域）,公園,,,,,すべり台・ブランコ・シーソー,,,,,,,,初石駅,13,,令和2年2月3日,,,2026-09-23
初石6号公園,35.878895,139.915236,公園,すべり台・ブランコ・ジャングルジムのある公園です。初石駅から徒歩10分。,https://www.city.nagareyama.chiba.jp/institution/1004355/1004556/1004589.html,流山市 施設案内,https://www.city.nagareyama.chiba.jp/institution/1004355/1004556/1004589.html,公園 > 公園（中部地域）,公園,,,,,すべり台・ブランコ・ジャングルジム,,,,,,,,初石駅,10,,令和2年2月3日,,,2026-09-23
初石7号公園,35.891169,139.912283,公園,すべり台・ブランコ・鉄棒のある公園です。初石駅から徒歩13分。,https://www.city.nagareyama.chiba.jp/institution/1004355/1004556/1004590.html,流山市 施設案内,https://www.city.nagareyama.chiba.jp/institution/1004355/1004556/1004590.html,公園 > 公園（中部地域）,公園,,,,,すべり台・ブランコ・鉄棒,,,,,,,,初石駅,13,,令和2年2月3日,,,2026-09-23
初石8号公園,35.88561,139.91212,公園,スプリング遊具のある公園です。,https://www.city.nagareyama.chiba.jp/institution/1004355/1004556/1004591.html,流山市 施設案内,https://www.city.nagareyama.chiba.jp/institution/1004355/1004556/1004591.html,公園 > 公園（中部地域）,公園,,,,,スプリング遊具,,,,,,,,,,,平成29年9月15日,,,2026-09-23
初石9号公園,35.883409,139.921613,公園,スプリング遊具・助木のある公園です。,https://www.city.nagareyama.chiba.jp/institution/1004355/1004556/1004592.html,流山市 施設案内,https://www.city.nagareyama.chiba.jp/institution/1004355/1004556/1004592.html,公園 > 公園（中部地域）,公園,,,,,スプリング遊具・助木,,,,,,,,,,,平成29年9月15日,,,2026-09-23
前ケ崎10号公園,35.836353,139.940893,公園,スプリング遊具のある公園です。,https://www.city.nagareyama.chiba.jp/institution/1004355/1004479/1004500.html,流山市 施設案内,https://www.city.nagareyama.chiba.jp/institution/1004355/1004479/1004500.html,公園 > 公園（東部地域）,公園,,,,,スプリング遊具,,,,,,,,,,,平成29年9月15日,,,2026-09-23
前ケ崎1号公園,35.835219,139.943533,公園,すべり台・ブランコ・シーソーのある公園です。,https://www.city.nagareyama.chiba.jp/institution/1004355/1004479/1004491.html,流山市 施設案内,https://www.city.nagareyama.chiba.jp/institution/1004355/1004479/1004491.html,公園 > 公園（東部地域）,公園,,,,,すべり台・ブランコ・シーソー,,,,,,,,,,,平成29年9月15日,,,2026-09-23
前ケ崎2号公園,35.841231,139.939429,公園,すべり台・ブランコ・鉄棒のある公園です。,https://www.city.nagareyama.chiba.jp/institution/1004355/1004479/1004492.html,流山市 施設案内,https://www.city.nagareyama.chiba.jp/institution/1004355/1004479/1004492.html,公園 > 公園（東部地域）,公園,,,,,すべり台・ブランコ・鉄棒,,,,,,,,,,,平成29年9月15日,,,2026-09-23
前ケ崎3号公園,35.843023,139.936189,公園,シーソーのある公園です。,https://www.city.nagareyama.chiba.jp/institution/1004355/1004479/1004493.html,流山市 施設案内,https://www.city.nagareyama.chiba.jp/institution/1004355/1004479/1004493.html,公園 > 公園（東部地域）,公園,,,,,シーソー,,,,,,,,,,,平成29年9月15日,,,2026-09-23
前ケ崎4号公園,35.844448,139.936322,公園,すべり台・シーソーのある公園です。,https://www.city.nagareyama.chiba.jp/institution/1004355/1004479/1004494.html,流山市 施設案内,https://www.city.nagareyama.chiba.jp/institution/1004355/1004479/1004494.html,公園 > 公園（東部地域）,公園,,,,,すべり台・シーソー,,,,,,,,,,,平成29年9月15日,,,2026-09-23
前ケ崎5号公園,35.840057,139.941783,公園,すべり台・ブランコのある公園です。,https://www.city.nagareyama.chiba.jp/institution/1004355/1004479/1004495.html,流山市 施設案内,https://www.city.nagareyama.chiba.jp/institution/1004355/1004479/1004495.html,公園 > 公園（東部地域）,公園,,,,,すべり台・ブランコ,,,,,,,,,,,平成29年9月15日,,,2026-09-23
前ケ崎6号公園,35.837927,139.942683,公園,複合遊具のある公園です。,https://www.city.nagareyama.chiba.jp/institution/1004355/1004479/1004496.html,流山市 施設案内,https://www.city.nagareyama.chiba.jp/institution/1004355/1004479/1004496.html,公園 > 公園（東部地域）,公園,,,,,複合遊具,,,,,,,,,,,平成29年9月15日,,,2026-09-23
前ケ崎7号公園,35.837493,139.943658,公園,市が管理する公園です。,https://www.city.nagareyama.chiba.jp/institution/1004355/1004479/1004497.html,流山市 施設案内,https://www.city.nagareyama.chiba.jp/institution/1004355/1004479/1004497.html,公園 > 公園（東部地域）,公園,,,,,,,,,,,,,,,,平成29年9月15日,,,2026-09-23
前ケ崎8号公園,35.837553,139.940948,公園,すべり台・鉄棒のある公園です。,https://www.city.nagareyama.chiba.jp/institution/1004355/1004479/1004498.html,流山市 施設案内,https://www.city.nagareyama.chiba.jp/institution/1004355/1004479/1004498.html,公園 > 公園（東部地域）,公園,,,,,すべり台・鉄棒,,,,,,,,,,,平成29年9月15日,,,2026-09-23
前ケ崎9号公園,35.835857,139.938292,公園,スプリング遊具のある公園です。,https://www.city.nagareyama.chiba.jp/institution/1004355/1004479/1004499.html,流山市 施設案内,https://www.city.nagareyama.chiba.jp/institution/1004355/1004479/1004499.html,公園 > 公園（東部地域）,公園,,,,,スプリング遊具,,,,,,,,,,,平成29年9月15日,,,2026-09-23
前ケ崎城址公園,35.849777,139.932338,公園,16世紀の城跡の地形をいかした約0.4ヘクタールの公園。土塁や谷の形がそのまま残っています。,https://www.city.nagareyama.chiba.jp/institution/1004355/1004479/1004483.html,流山市 施設案内,https://www.city.nagareyama.chiba.jp/institution/1004355/1004479/1004483.html,公園 > 公園（東部地域）,公園,,,,,,,約0.4ヘクタール,,,,,,,,,平成29年9月15日,,,2026-09-23
加1号公園,35.860585,139.905735,公園,市が管理する公園です。流山駅から徒歩11分。,https://www.city.nagareyama.chiba.jp/institution/1004355/1004646/1004682.html,流山市 施設案内,https://www.city.nagareyama.chiba.jp/institution/1004355/1004646/1004682.html,公園 > 公園（南部地域）,公園,,,,,,,,,,,,,流山駅,11,,令和2年8月18日,,,2026-09-23
加2号公園,35.860666,139.907949,公園,すべり台・複合遊具・スプリング遊具のある公園です。流山駅から徒歩12分。,https://www.city.nagareyama.chiba.jp/institution/1004355/1004646/1004683.html,流山市 施設案内,https://www.city.nagareyama.chiba.jp/institution/1004355/1004646/1004683.html,公園 > 公園（南部地域）,公園,,,,,すべり台・複合遊具・スプリング遊具,,,,,,,,流山駅,12,,令和2年8月18日,,,2026-09-23
加3号公園,35.858779,139.908215,公園,すべり台・ブランコ・鉄棒のある公園です。流山駅から徒歩11分。,https://www.city.nagareyama.chiba.jp/institution/1004355/1004646/1004684.html,流山市 施設案内,https://www.city.nagareyama.chiba.jp/institution/1004355/1004646/1004684.html,公園 > 公園（南部地域）,公園,,,,,すべり台・ブランコ・鉄棒,,,,,,,,流山駅,11,,令和2年8月18日,,,2026-09-23
加岸2号公園,35.860623,139.900216,公園,すべり台・ブランコ・うんていのある公園です。,https://www.city.nagareyama.chiba.jp/institution/1004355/1004646/1004653.html,流山市 施設案内,https://www.city.nagareyama.chiba.jp/institution/1004355/1004646/1004653.html,公園 > 公園（南部地域）,公園,,,,,すべり台・ブランコ・うんてい,,,,,,,,,,,平成29年9月15日,,,2026-09-23
加岸児童公園,35.862308,139.903407,公園,ブランコ・複合遊具・鉄棒のある公園です。トイレがあります。流山駅から徒歩9分。,https://www.city.nagareyama.chiba.jp/institution/1004355/1004646/1004652.html,流山市 施設案内,https://www.city.nagareyama.chiba.jp/institution/1004355/1004646/1004652.html,公園 > 公園（南部地域）,公園,,,,,ブランコ・複合遊具・鉄棒,1,,,,,,,流山駅,9,,令和2年8月18日,,,2026-09-23
北1号公園,35.891605,139.899371,公園,すべり台・ブランコのある公園です。江戸川台駅から徒歩20分。,https://www.city.nagareyama.chiba.jp/institution/1004355/1004357/1004441.html,流山市 施設案内,https://www.city.nagareyama.chiba.jp/institution/1004355/1004357/1004441.html,公園 > 公園（北部地域）,公園,,,,,すべり台・ブランコ,,,,,,,,江戸川台駅,20,,令和3年8月13日,,,2026-09-23
北1号緑地,35.891521,139.897481,公園,市が管理する公園です。,https://www.city.nagareyama.chiba.jp/institution/1004355/1004357/1004463.html,流山市 施設案内,https://www.city.nagareyama.chiba.jp/institution/1004355/1004357/1004463.html,公園 > 公園（北部地域）,公園,,,,,,,,,,,,,,,,平成29年9月15日,,,2026-09-23
北2号公園,35.89111,139.897866,公園,すべり台・ブランコのある公園です。江戸川台駅から徒歩22分。,https://www.city.nagareyama.chiba.jp/institution/1004355/1004357/1004442.html,流山市 施設案内,https://www.city.nagareyama.chiba.jp/institution/1004355/1004357/1004442.html,公園 > 公園（北部地域）,公園,,,,,すべり台・ブランコ,,,,,,,,江戸川台駅,22,,令和3年8月13日,,,2026-09-23
北3号公園,35.890349,139.89991,公園,すべり台・シーソーのある公園です。江戸川台駅から徒歩21分。,https://www.city.nagareyama.chiba.jp/institution/1004355/1004357/1004443.html,流山市 施設案内,https://www.city.nagareyama.chiba.jp/institution/1004355/1004357/1004443.html,公園 > 公園（北部地域）,公園,,,,,すべり台・シーソー,,,,,,,,江戸川台駅,21,,令和3年8月13日,,,2026-09-23
十太夫1号公園,35.873013,139.933459,公園,ブランコのある公園です。おおたかの森駅から徒歩12分。,https://www.city.nagareyama.chiba.jp/institution/1004355/1004556/1004574.html,流山市 施設案内,https://www.city.nagareyama.chiba.jp/institution/1004355/1004556/1004574.html,公園 > 公園（中部地域）,公園,,,,,ブランコ,,,,,,,,おおたかの森駅,12,,令和2年8月12日,,,2026-09-23
十太夫近隣公園,35.878834,139.926898,公園,スプリング遊具・鉄棒・砂場・ブランコのある公園です。流山おおたかの森駅から徒歩15分。,https://www.city.nagareyama.chiba.jp/institution/1004355/1004556/1027543.html,流山市 施設案内,https://www.city.nagareyama.chiba.jp/institution/1004355/1004556/1027543.html,公園 > 公園（中部地域）,公園,,,,,スプリング遊具・鉄棒・砂場・ブランコ・複合遊具・ボール遊び場,,,,,,,,流山おおたかの森駅,15,,令和3年8月13日,,,2026-09-23
南流山1号緑地,35.84165,139.894035,公園,市が管理する公園です。南流山駅から徒歩15分。,https://www.city.nagareyama.chiba.jp/institution/1004355/1004646/1004699.html,流山市 施設案内,https://www.city.nagareyama.chiba.jp/institution/1004355/1004646/1004699.html,公園 > 公園（南部地域）,公園,,,,,,,,,,,,,南流山駅,15,,令和2年8月18日,,,2026-09-23
南流山4号公園,35.834888,139.904929,公園,すべり台・ブランコ・はんとう棒・鉄棒のある公園です。南流山駅から徒歩5分。,https://www.city.nagareyama.chiba.jp/institution/1004355/1004646/1004672.html,流山市 施設案内,https://www.city.nagareyama.chiba.jp/institution/1004355/1004646/1004672.html,公園 > 公園（南部地域）,公園,,,,,すべり台・ブランコ・はんとう棒・鉄棒,,,,,,,,南流山駅,5,,令和2年8月18日,,,2026-09-23
南流山5号公園,35.836926,139.898597,公園,すべり台・ブランコ・鉄棒のある公園です。南流山駅から徒歩8分。,https://www.city.nagareyama.chiba.jp/institution/1004355/1004646/1004673.html,流山市 施設案内,https://www.city.nagareyama.chiba.jp/institution/1004355/1004646/1004673.html,公園 > 公園（南部地域）,公園,,,,,すべり台・ブランコ・鉄棒,,,,,,,,南流山駅,8,,令和2年8月18日,,,2026-09-23
南流山6号公園,35.839316,139.895257,公園,すべり台・ブランコ・シーソーのある公園です。トイレがあります。南流山駅から徒歩12分。,https://www.city.nagareyama.chiba.jp/institution/1004355/1004646/1004674.html,流山市 施設案内,https://www.city.nagareyama.chiba.jp/institution/1004355/1004646/1004674.html,公園 > 公園（南部地域）,公園,,,,,すべり台・ブランコ・シーソー,1,,,,,,,南流山駅,12,,令和2年8月18日,,,2026-09-23
南流山7号公園,35.840349,139.899136,公園,すべり台・ブランコ・シーソー・はんとう棒のある公園です。南流山駅から徒歩8分。,https://www.city.nagareyama.chiba.jp/institution/1004355/1004646/1004675.html,流山市 施設案内,https://www.city.nagareyama.chiba.jp/institution/1004355/1004646/1004675.html,公園 > 公園（南部地域）,公園,,,,,すべり台・ブランコ・シーソー・はんとう棒・助木,,,,,,,,南流山駅,8,,令和2年8月18日,,,2026-09-23
南流山8号公園,35.842115,139.894547,公園,すべり台・ブランコ・シーソー・鉄棒のある公園です。トイレがあります。南流山駅から徒歩15分。,https://www.city.nagareyama.chiba.jp/institution/1004355/1004646/1004676.html,流山市 施設案内,https://www.city.nagareyama.chiba.jp/institution/1004355/1004646/1004676.html,公園 > 公園（南部地域）,公園,,,,,すべり台・ブランコ・シーソー・鉄棒,1,,,,,,,南流山駅,15,,令和2年8月18日,,,2026-09-23
南流山9号公園,35.843156,139.899013,公園,すべり台・ブランコ・ロープウェイ・シーソー鉄棒のある公園です。トイレがあります。多目的トイレがあります。南流山駅から徒歩10分。,https://www.city.nagareyama.chiba.jp/institution/1004355/1004646/1004677.html,流山市 施設案内,https://www.city.nagareyama.chiba.jp/institution/1004355/1004646/1004677.html,公園 > 公園（南部地域）,公園,,,,,すべり台・ブランコ・ロープウェイ・シーソー鉄棒,1,,,1,,,多目的トイレ,南流山駅,10,,令和2年8月18日,,,2026-09-23
南流山中央公園,35.838012,139.900144,公園,すべり台・ブランコ・スプリング遊具のある公園です。広さは約1.2ヘクタール。トイレがあります。南流山駅から徒歩4分。,https://www.city.nagareyama.chiba.jp/institution/1004355/1004646/1004647.html,流山市 施設案内,https://www.city.nagareyama.chiba.jp/institution/1004355/1004646/1004647.html,公園 > 公園（南部地域）,公園,,,,,すべり台・ブランコ・スプリング遊具,1,約1.2ヘクタール,,,,,,南流山駅,4,,令和3年8月13日,,,2026-09-23
南流山駅前公園,35.837826,139.903393,公園,市が管理する公園です。南流山駅から徒歩1分。,https://www.city.nagareyama.chiba.jp/institution/1004355/1004646/1004678.html,流山市 施設案内,https://www.city.nagareyama.chiba.jp/institution/1004355/1004646/1004678.html,公園 > 公園（南部地域）,公園,,,,,,,,,,,,,南流山駅,1,,令和2年8月18日,,,2026-09-23
南流山１号公園,35.840987,139.903309,公園,ブランコ・助木のある公園です。トイレがあります。南流山駅から徒歩5分。,https://www.city.nagareyama.chiba.jp/institution/1004355/1004646/1004669.html,流山市 施設案内,https://www.city.nagareyama.chiba.jp/institution/1004355/1004646/1004669.html,公園 > 公園（南部地域）,公園,,,,,ブランコ・助木,1,,,,,,,南流山駅,5,,令和2年8月18日,,,2026-09-23
南流山２号公園,35.839775,139.907254,公園,すべり台・ブランコ・シーソー・鉄棒のある公園です。トイレがあります。南流山駅から徒歩6分。,https://www.city.nagareyama.chiba.jp/institution/1004355/1004646/1004670.html,流山市 施設案内,https://www.city.nagareyama.chiba.jp/institution/1004355/1004646/1004670.html,公園 > 公園（南部地域）,公園,,,,,すべり台・ブランコ・シーソー・鉄棒,1,,,,,,,南流山駅,6,,令和2年8月18日,,,2026-09-23
南流山３号公園,35.83784,139.905795,公園,すべり台・ブランコ・ジャングルジム・太鼓橋のある公園です。トイレがあります。,https://www.city.nagareyama.chiba.jp/institution/1004355/1004646/1004671.html,流山市 施設案内,https://www.city.nagareyama.chiba.jp/institution/1004355/1004646/1004671.html,公園 > 公園（南部地域）,公園,,,,,すべり台・ブランコ・ジャングルジム・太鼓橋・鉄棒,1,,,,,,,,,,平成29年9月15日,,,2026-09-23
名都借1号公園,35.851858,139.942094,公園,すべり台・ブランコのある公園です。,https://www.city.nagareyama.chiba.jp/institution/1004355/1004479/1004524.html,流山市 施設案内,https://www.city.nagareyama.chiba.jp/institution/1004355/1004479/1004524.html,公園 > 公園（東部地域）,公園,,,,,すべり台・ブランコ,,,,,,,,,,,平成29年9月15日,,,2026-09-23
名都借2号公園,35.848679,139.944285,公園,すべり台のある公園です。,https://www.city.nagareyama.chiba.jp/institution/1004355/1004479/1004525.html,流山市 施設案内,https://www.city.nagareyama.chiba.jp/institution/1004355/1004479/1004525.html,公園 > 公園（東部地域）,公園,,,,,すべり台,,,,,,,,,,,平成29年9月15日,,,2026-09-23
名都借3号公園,35.851246,139.943425,公園,市が管理する公園です。,https://www.city.nagareyama.chiba.jp/institution/1004355/1004479/1004526.html,流山市 施設案内,https://www.city.nagareyama.chiba.jp/institution/1004355/1004479/1004526.html,公園 > 公園（東部地域）,公園,,,,,,,,,,,,,,,,平成29年9月15日,,,2026-09-23
名都借4号公園,35.849016,139.934132,公園,市が管理する公園です。,https://www.city.nagareyama.chiba.jp/institution/1004355/1004479/1004527.html,流山市 施設案内,https://www.city.nagareyama.chiba.jp/institution/1004355/1004479/1004527.html,公園 > 公園（東部地域）,公園,,,,,,,,,,,,,,,,平成29年9月15日,,,2026-09-23
向小金10号公園,35.834803,139.957033,公園,市が管理する公園です。,https://www.city.nagareyama.chiba.jp/institution/1004355/1004479/1004519.html,流山市 施設案内,https://www.city.nagareyama.chiba.jp/institution/1004355/1004479/1004519.html,公園 > 公園（東部地域）,公園,,,,,,,,,,,,,,,,平成29年9月15日,,,2026-09-23
向小金11号公園,35.841052,139.947125,公園,ブランコ・スプリング遊具・固定遊具のある公園です。,https://www.city.nagareyama.chiba.jp/institution/1004355/1004479/1004520.html,流山市 施設案内,https://www.city.nagareyama.chiba.jp/institution/1004355/1004479/1004520.html,公園 > 公園（東部地域）,公園,,,,,ブランコ・スプリング遊具・固定遊具,,,,,,,,,,,平成29年9月15日,,,2026-09-23
向小金12号公園,35.837202,139.954252,公園,スプリング遊具のある公園です。,https://www.city.nagareyama.chiba.jp/institution/1004355/1004479/1004521.html,流山市 施設案内,https://www.city.nagareyama.chiba.jp/institution/1004355/1004479/1004521.html,公園 > 公園（東部地域）,公園,,,,,スプリング遊具,,,,,,,,,,,平成29年9月15日,,,2026-09-23
向小金13号公園,35.83595,139.950692,公園,リンク遊具のある公園です。,https://www.city.nagareyama.chiba.jp/institution/1004355/1004479/1004522.html,流山市 施設案内,https://www.city.nagareyama.chiba.jp/institution/1004355/1004479/1004522.html,公園 > 公園（東部地域）,公園,,,,,リンク遊具,,,,,,,,,,,平成29年11月10日,,,2026-09-23
向小金14号公園,35.835312,139.950557,公園,市が管理する公園です。南柏駅から徒歩20分。,https://www.city.nagareyama.chiba.jp/institution/1004355/1004479/1027540.html,流山市 施設案内,https://www.city.nagareyama.chiba.jp/institution/1004355/1004479/1027540.html,公園 > 公園（東部地域）,公園,,,,,,,,,,,,,南柏駅,20,,令和3年8月13日,,,2026-09-23
向小金15号公園,35.834916,139.951115,公園,スプリング遊具・鉄棒のある公園です。南柏駅から徒歩20分。,https://www.city.nagareyama.chiba.jp/institution/1004355/1004479/1027570.html,流山市 施設案内,https://www.city.nagareyama.chiba.jp/institution/1004355/1004479/1027570.html,公園 > 公園（東部地域）,公園,,,,,スプリング遊具・鉄棒,,,,,,,,南柏駅,20,,令和3年8月13日,,,2026-09-23
向小金1号公園,35.835805,139.953865,公園,すべり台・ブランコのある公園です。,https://www.city.nagareyama.chiba.jp/institution/1004355/1004479/1004510.html,流山市 施設案内,https://www.city.nagareyama.chiba.jp/institution/1004355/1004479/1004510.html,公園 > 公園（東部地域）,公園,,,,,すべり台・ブランコ,,,,,,,,,,,平成29年9月15日,,,2026-09-23
向小金1号緑地,35.834548,139.951442,公園,市が管理する公園です。,https://www.city.nagareyama.chiba.jp/institution/1004355/1004479/1027553.html,流山市 施設案内,https://www.city.nagareyama.chiba.jp/institution/1004355/1004479/1027553.html,公園 > 公園（東部地域）,公園,,,,,,,,,,,,,,,,令和3年8月13日,,,2026-09-23
向小金2号公園,35.843036,139.95011,公園,すべり台・ブランコ・鉄棒のある公園です。,https://www.city.nagareyama.chiba.jp/institution/1004355/1004479/1004511.html,流山市 施設案内,https://www.city.nagareyama.chiba.jp/institution/1004355/1004479/1004511.html,公園 > 公園（東部地域）,公園,,,,,すべり台・ブランコ・鉄棒,,,,,,,,,,,平成30年6月12日,,,2026-09-23
向小金3号公園,35.837796,139.95147,公園,ブランコのある公園です。,https://www.city.nagareyama.chiba.jp/institution/1004355/1004479/1004512.html,流山市 施設案内,https://www.city.nagareyama.chiba.jp/institution/1004355/1004479/1004512.html,公園 > 公園（東部地域）,公園,,,,,ブランコ,,,,,,,,,,,平成29年9月15日,,,2026-09-23
向小金4号公園,35.843589,139.947753,公園,ブランコ・太鼓橋のある公園です。,https://www.city.nagareyama.chiba.jp/institution/1004355/1004479/1004513.html,流山市 施設案内,https://www.city.nagareyama.chiba.jp/institution/1004355/1004479/1004513.html,公園 > 公園（東部地域）,公園,,,,,ブランコ・太鼓橋,,,,,,,,,,,平成29年9月15日,,,2026-09-23
向小金5号公園,35.838951,139.947276,公園,すべり台・ブランコ・ロープウェイ・シーソーのある公園です。,https://www.city.nagareyama.chiba.jp/institution/1004355/1004479/1004514.html,流山市 施設案内,https://www.city.nagareyama.chiba.jp/institution/1004355/1004479/1004514.html,公園 > 公園（東部地域）,公園,,,,,すべり台・ブランコ・ロープウェイ・シーソー・鉄棒,,,,,,,,,,,平成29年9月15日,,,2026-09-23
向小金6号公園,35.838813,139.948171,公園,市が管理する公園です。,https://www.city.nagareyama.chiba.jp/institution/1004355/1004479/1004515.html,流山市 施設案内,https://www.city.nagareyama.chiba.jp/institution/1004355/1004479/1004515.html,公園 > 公園（東部地域）,公園,,,,,,,,,,,,,,,,平成29年9月15日,,,2026-09-23
向小金7号公園,35.839948,139.946024,公園,スプリング遊具のある公園です。,https://www.city.nagareyama.chiba.jp/institution/1004355/1004479/1004516.html,流山市 施設案内,https://www.city.nagareyama.chiba.jp/institution/1004355/1004479/1004516.html,公園 > 公園（東部地域）,公園,,,,,スプリング遊具,,,,,,,,,,,平成29年9月15日,,,2026-09-23
向小金8号公園,35.842283,139.95161,公園,スプリング遊具のある公園です。,https://www.city.nagareyama.chiba.jp/institution/1004355/1004479/1004517.html,流山市 施設案内,https://www.city.nagareyama.chiba.jp/institution/1004355/1004479/1004517.html,公園 > 公園（東部地域）,公園,,,,,スプリング遊具,,,,,,,,,,,平成29年9月15日,,,2026-09-23
向小金9号公園,35.843249,139.948876,公園,複合遊具・スプリング遊具のある公園です。,https://www.city.nagareyama.chiba.jp/institution/1004355/1004479/1004518.html,流山市 施設案内,https://www.city.nagareyama.chiba.jp/institution/1004355/1004479/1004518.html,公園 > 公園（東部地域）,公園,,,,,複合遊具・スプリング遊具,,,,,,,,,,,平成29年9月15日,,,2026-09-23
向小金ふれあい公園,35.83727,139.94894,公園,すべり台・ブランコ・リンク遊具・鉄棒のある公園です。,https://www.city.nagareyama.chiba.jp/institution/1004355/1004479/1004523.html,流山市 施設案内,https://www.city.nagareyama.chiba.jp/institution/1004355/1004479/1004523.html,公園 > 公園（東部地域）,公園,,,,,すべり台・ブランコ・リンク遊具・鉄棒,,,,,,,,,,,平成29年9月15日,,,2026-09-23
四季野公園,35.858396,139.941025,公園,すべり台・ブランコ・ジャングルジム・シーソーのある公園です。,https://www.city.nagareyama.chiba.jp/institution/1004355/1004479/1004530.html,流山市 施設案内,https://www.city.nagareyama.chiba.jp/institution/1004355/1004479/1004530.html,公園 > 公園（東部地域）,公園,,,,,すべり台・ブランコ・ジャングルジム・シーソー・鉄棒,,,,,,,,,,,平成29年9月15日,,,2026-09-23
四季野緑地,35.858401,139.941002,公園,市が管理する公園です。,https://www.city.nagareyama.chiba.jp/institution/1004355/1004479/1004545.html,流山市 施設案内,https://www.city.nagareyama.chiba.jp/institution/1004355/1004479/1004545.html,公園 > 公園（東部地域）,公園,,,,,,,,,,,,,,,,平成29年9月15日,,,2026-09-23
塚の腰台公園,35.842253,139.908169,公園,ブランコ・タイヤのぼりのある公園です。鰭ケ崎駅から徒歩5分。,https://www.city.nagareyama.chiba.jp/institution/1004355/1004646/1004681.html,流山市 施設案内,https://www.city.nagareyama.chiba.jp/institution/1004355/1004646/1004681.html,公園 > 公園（南部地域）,公園,,,,,ブランコ・タイヤのぼり,,,,,,,,鰭ケ崎駅,5,,令和2年8月18日,,,2026-09-23
大堀川水辺公園,35.872241,139.935138,公園,複合遊具・ブランコのある公園です。多目的トイレがあります。流山おおたかの森駅から徒歩15分。,https://www.city.nagareyama.chiba.jp/institution/1004355/1004556/1004558.html,流山市 施設案内,https://www.city.nagareyama.chiba.jp/institution/1004355/1004556/1004558.html,公園 > 公園（中部地域）,公園,,,,,複合遊具・ブランコ,,,,1,,,多目的トイレ,流山おおたかの森駅,15,,令和2年8月12日,,,2026-09-23
大堀川緑地,35.871964,139.940719,公園,市が管理する公園です。豊四季駅から徒歩13分。,https://www.city.nagareyama.chiba.jp/institution/1004355/1004556/1027581.html,流山市 施設案内,https://www.city.nagareyama.chiba.jp/institution/1004355/1004556/1027581.html,公園 > 公園（中部地域）,公園,,,,,,,,,,,,,豊四季駅,13,,令和3年8月13日,,,2026-09-23
大畔の森,35.876322,139.914782,公園,市が管理する公園です。流山おおたかの森駅から徒歩20分。,https://www.city.nagareyama.chiba.jp/institution/1004355/1004556/1030622.html,流山市 施設案内,https://www.city.nagareyama.chiba.jp/institution/1004355/1004556/1030622.html,公園 > 公園（中部地域）,公園,,,,,,,,,,,,,流山おおたかの森駅,20,,令和3年4月15日,,,2026-09-23
宮園1号公園,35.844561,139.91396,公園,すべり台・ブランコ・シーソー・鉄棒のある公園です。,https://www.city.nagareyama.chiba.jp/institution/1004355/1004479/1004489.html,流山市 施設案内,https://www.city.nagareyama.chiba.jp/institution/1004355/1004479/1004489.html,公園 > 公園（東部地域）,公園,,,,,すべり台・ブランコ・シーソー・鉄棒,,,,,,,,,,,平成29年9月15日,,,2026-09-23
宮園2号公園,35.848508,139.918259,公園,すべり台・ブランコ・鉄棒のある公園です。,https://www.city.nagareyama.chiba.jp/institution/1004355/1004479/1004490.html,流山市 施設案内,https://www.city.nagareyama.chiba.jp/institution/1004355/1004479/1004490.html,公園 > 公園（東部地域）,公園,,,,,すべり台・ブランコ・鉄棒,,,,,,,,,,,平成29年9月15日,,,2026-09-23
富士見台10号公園,35.892875,139.905436,公園,回転遊具・リンク遊具のある公園です。江戸川台駅から徒歩10分。,https://www.city.nagareyama.chiba.jp/institution/1004355/1004357/1004439.html,流山市 施設案内,https://www.city.nagareyama.chiba.jp/institution/1004355/1004357/1004439.html,公園 > 公園（北部地域）,公園,,,,,回転遊具・リンク遊具,,,,,,,,江戸川台駅,10,,令和3年8月13日,,,2026-09-23
富士見台11号公園,35.892281,139.905226,公園,スプリング遊具のある公園です。江戸川台駅から徒歩10分。,https://www.city.nagareyama.chiba.jp/institution/1004355/1004357/1004440.html,流山市 施設案内,https://www.city.nagareyama.chiba.jp/institution/1004355/1004357/1004440.html,公園 > 公園（北部地域）,公園,,,,,スプリング遊具,,,,,,,,江戸川台駅,10,,令和3年8月13日,,,2026-09-23
富士見台12号公園,35.893835,139.901679,公園,スイング遊具のある公園です。江戸川台駅から徒歩12分。,https://www.city.nagareyama.chiba.jp/institution/1004355/1004357/1048840.html,流山市 施設案内,https://www.city.nagareyama.chiba.jp/institution/1004355/1004357/1048840.html,公園 > 公園（北部地域）,公園,,,,,スイング遊具,,,,,,,,江戸川台駅,12,,令和7年2月25日,,,2026-09-23
富士見台1号公園,35.890824,139.90833,公園,遊具が5基ある公園です。江戸川台駅から徒歩13分。,https://www.city.nagareyama.chiba.jp/institution/1004355/1004357/1004430.html,流山市 施設案内,https://www.city.nagareyama.chiba.jp/institution/1004355/1004357/1004430.html,公園 > 公園（北部地域）,公園,,,,,,,,,,,,,江戸川台駅,13,,令和3年8月13日,,,2026-09-23
富士見台1号緑地,35.891178,139.905173,公園,市が管理する公園です。,https://www.city.nagareyama.chiba.jp/institution/1004355/1004357/1004466.html,流山市 施設案内,https://www.city.nagareyama.chiba.jp/institution/1004355/1004357/1004466.html,公園 > 公園（北部地域）,公園,,,,,,,,,,,,,,,,平成29年9月15日,,,2026-09-23
富士見台2号公園,35.890317,139.902014,公園,遊具が2基ある公園です。江戸川台駅から徒歩20分。,https://www.city.nagareyama.chiba.jp/institution/1004355/1004357/1004431.html,流山市 施設案内,https://www.city.nagareyama.chiba.jp/institution/1004355/1004357/1004431.html,公園 > 公園（北部地域）,公園,,,,,,,,,,,,,江戸川台駅,20,,令和3年8月13日,,,2026-09-23
富士見台3号公園,35.892368,139.903277,公園,市が管理する公園です。江戸川台駅から徒歩17分。,https://www.city.nagareyama.chiba.jp/institution/1004355/1004357/1004432.html,流山市 施設案内,https://www.city.nagareyama.chiba.jp/institution/1004355/1004357/1004432.html,公園 > 公園（北部地域）,公園,,,,,,,,,,,,,江戸川台駅,17,,令和3年8月13日,,,2026-09-23
富士見台4号公園,35.893243,139.903008,公園,遊具が2基ある公園です。江戸川台駅から徒歩11分。,https://www.city.nagareyama.chiba.jp/institution/1004355/1004357/1004433.html,流山市 施設案内,https://www.city.nagareyama.chiba.jp/institution/1004355/1004357/1004433.html,公園 > 公園（北部地域）,公園,,,,,,,,,,,,,江戸川台駅,11,,令和3年8月13日,,,2026-09-23
富士見台5号公園,35.893489,139.902414,公園,すべり台のある公園です。江戸川台駅から徒歩12分。,https://www.city.nagareyama.chiba.jp/institution/1004355/1004357/1004434.html,流山市 施設案内,https://www.city.nagareyama.chiba.jp/institution/1004355/1004357/1004434.html,公園 > 公園（北部地域）,公園,,,,,すべり台,,,,,,,,江戸川台駅,12,,令和3年8月13日,,,2026-09-23
富士見台6号公園,35.891326,139.906189,公園,市が管理する公園です。江戸川台駅から徒歩11分。,https://www.city.nagareyama.chiba.jp/institution/1004355/1004357/1004435.html,流山市 施設案内,https://www.city.nagareyama.chiba.jp/institution/1004355/1004357/1004435.html,公園 > 公園（北部地域）,公園,,,,,,,,,,,,,江戸川台駅,11,,令和3年8月13日,,,2026-09-23
富士見台7号公園,35.891361,139.905268,公園,すべり台・リンク遊具のある公園です。江戸川台駅から徒歩12分。,https://www.city.nagareyama.chiba.jp/institution/1004355/1004357/1004436.html,流山市 施設案内,https://www.city.nagareyama.chiba.jp/institution/1004355/1004357/1004436.html,公園 > 公園（北部地域）,公園,,,,,すべり台・リンク遊具,,,,,,,,江戸川台駅,12,,令和3年8月13日,,,2026-09-23
富士見台8号公園,35.89165,139.905275,公園,トレーナージムのある公園です。江戸川台駅から徒歩11分。,https://www.city.nagareyama.chiba.jp/institution/1004355/1004357/1004437.html,流山市 施設案内,https://www.city.nagareyama.chiba.jp/institution/1004355/1004357/1004437.html,公園 > 公園（北部地域）,公園,,,,,トレーナージム,,,,,,,,江戸川台駅,11,,令和3年8月13日,,,2026-09-23
富士見台9号公園,35.893499,139.904292,公園,スプリング遊具のある公園です。江戸川台駅から徒歩11分。,https://www.city.nagareyama.chiba.jp/institution/1004355/1004357/1004438.html,流山市 施設案内,https://www.city.nagareyama.chiba.jp/institution/1004355/1004357/1004438.html,公園 > 公園（北部地域）,公園,,,,,スプリング遊具,,,,,,,,江戸川台駅,11,,令和3年8月13日,,,2026-09-23
市野谷1号公園,35.86379,139.912749,公園,すべり台・ブランコ・丸太ステップのある公園です。,https://www.city.nagareyama.chiba.jp/institution/1004355/1004479/1004544.html,流山市 施設案内,https://www.city.nagareyama.chiba.jp/institution/1004355/1004479/1004544.html,公園 > 公園（東部地域）,公園,,,,,すべり台・ブランコ・丸太ステップ,,,,,,,,,,,平成29年9月15日,,,2026-09-23
市野谷の森東近隣公園,35.87152,139.918302,公園,市が管理する公園です。流山おおたかの森駅から徒歩13分。,https://www.city.nagareyama.chiba.jp/institution/1004355/1004556/1031824.html,流山市 施設案内,https://www.city.nagareyama.chiba.jp/institution/1004355/1004556/1031824.html,公園 > 公園（中部地域）,公園,,,,,,,,,,,,,流山おおたかの森駅,13,,令和3年8月6日,,,2026-09-23
市野谷の森西近隣公園,35.86857,139.911496,公園,スプリング遊具・鉄棒・ブランコ・複合遊具のある公園です。流山おおたかの森駅から徒歩20分。,https://www.city.nagareyama.chiba.jp/institution/1004355/1004357/1027546.html,流山市 施設案内,https://www.city.nagareyama.chiba.jp/institution/1004355/1004357/1027546.html,公園 > 公園（北部地域）,公園,,,,,スプリング遊具・鉄棒・ブランコ・複合遊具,,,,,,,,流山おおたかの森駅,20,,令和3年8月13日,,,2026-09-23
平和台1号公園,35.855053,139.908221,公園,すべり台・ブランコ・シーソー・鉄棒のある公園です。トイレがあります。流山駅から徒歩8分。,https://www.city.nagareyama.chiba.jp/institution/1004355/1004646/1004654.html,流山市 施設案内,https://www.city.nagareyama.chiba.jp/institution/1004355/1004646/1004654.html,公園 > 公園（南部地域）,公園,,,,,すべり台・ブランコ・シーソー・鉄棒,1,,,,,,,流山駅,8,,令和2年8月18日,,,2026-09-23
平和台1号緑地,35.857268,139.902446,公園,市が管理する公園です。流山駅から徒歩3分。,https://www.city.nagareyama.chiba.jp/institution/1004355/1004646/1004701.html,流山市 施設案内,https://www.city.nagareyama.chiba.jp/institution/1004355/1004646/1004701.html,公園 > 公園（南部地域）,公園,,,,,,,,,,,,,流山駅,3,,令和2年8月18日,,,2026-09-23
平和台2号公園,35.853489,139.903863,公園,すべり台・ブランコ・ジャングルジム・鉄棒のある公園です。流山駅から徒歩5分。,https://www.city.nagareyama.chiba.jp/institution/1004355/1004646/1004655.html,流山市 施設案内,https://www.city.nagareyama.chiba.jp/institution/1004355/1004646/1004655.html,公園 > 公園（南部地域）,公園,,,,,すべり台・ブランコ・ジャングルジム・鉄棒,,,,,,,,流山駅,5,,令和2年8月18日,,,2026-09-23
平和台3号公園,35.856148,139.903551,公園,市が管理する公園です。流山駅から徒歩4分。,https://www.city.nagareyama.chiba.jp/institution/1004355/1004646/1004656.html,流山市 施設案内,https://www.city.nagareyama.chiba.jp/institution/1004355/1004646/1004656.html,公園 > 公園（南部地域）,公園,,,,,,,,,,,,,流山駅,4,,令和2年8月18日,,,2026-09-23
平和台4号公園,35.856083,139.910227,公園,ブランコ・シーソー・鉄棒のある公園です。流山セントラルパーク駅から徒歩9分。,https://www.city.nagareyama.chiba.jp/institution/1004355/1004646/1004657.html,流山市 施設案内,https://www.city.nagareyama.chiba.jp/institution/1004355/1004646/1004657.html,公園 > 公園（南部地域）,公園,,,,,ブランコ・シーソー・鉄棒,,,,,,,,流山セントラルパーク駅,9,,令和2年8月18日,,,2026-09-23
平和台5号公園,35.855444,139.910616,公園,シーソーのある公園です。流山セントラルパーク駅から徒歩8分。,https://www.city.nagareyama.chiba.jp/institution/1004355/1004646/1004658.html,流山市 施設案内,https://www.city.nagareyama.chiba.jp/institution/1004355/1004646/1004658.html,公園 > 公園（南部地域）,公園,,,,,シーソー,,,,,,,,流山セントラルパーク駅,8,,令和2年8月18日,,,2026-09-23
平和台6号公園,35.853539,139.906555,公園,すべり台・ブランコ・ジャングルジム・鉄棒のある公園です。流山駅から徒歩10分。,https://www.city.nagareyama.chiba.jp/institution/1004355/1004646/1004659.html,流山市 施設案内,https://www.city.nagareyama.chiba.jp/institution/1004355/1004646/1004659.html,公園 > 公園（南部地域）,公園,,,,,すべり台・ブランコ・ジャングルジム・鉄棒,,,,,,,,流山駅,10,,令和2年8月18日,,,2026-09-23
平和台7号公園,35.852313,139.909628,公園,スプリング遊具のある公園です。流山セントラルパーク駅から徒歩8分。,https://www.city.nagareyama.chiba.jp/institution/1004355/1004646/1004660.html,流山市 施設案内,https://www.city.nagareyama.chiba.jp/institution/1004355/1004646/1004660.html,公園 > 公園（南部地域）,公園,,,,,スプリング遊具,,,,,,,,流山セントラルパーク駅,8,,令和2年8月18日,,,2026-09-23
平和台8号公園,35.853413,139.910542,公園,ジャングルジム・スプリング遊具のある公園です。流山セントラルパーク駅から徒歩6分。,https://www.city.nagareyama.chiba.jp/institution/1004355/1004646/1004661.html,流山市 施設案内,https://www.city.nagareyama.chiba.jp/institution/1004355/1004646/1004661.html,公園 > 公園（南部地域）,公園,,,,,ジャングルジム・スプリング遊具,,,,,,,,流山セントラルパーク駅,6,,令和2年8月18日,,,2026-09-23
平和台9号公園,35.855941,139.910962,公園,市が管理する公園です。流山セントラルパーク駅から徒歩9分。,https://www.city.nagareyama.chiba.jp/institution/1004355/1004646/1004662.html,流山市 施設案内,https://www.city.nagareyama.chiba.jp/institution/1004355/1004646/1004662.html,公園 > 公園（南部地域）,公園,,,,,,,,,,,,,流山セントラルパーク駅,9,,令和2年8月18日,,,2026-09-23
平和台緑道,35.850186,139.901172,公園,市が管理する公園です。平和台駅から徒歩1分。,https://www.city.nagareyama.chiba.jp/institution/1004355/1004646/1004711.html,流山市 施設案内,https://www.city.nagareyama.chiba.jp/institution/1004355/1004646/1004711.html,公園 > 公園（南部地域）,公園,,,,,,,,,,,,,平和台駅,1,,令和2年8月18日,,,2026-09-23
平方1号公園,35.905239,139.897708,公園,すべり台・シーソーのある公園です。運河駅から徒歩23分。,https://www.city.nagareyama.chiba.jp/institution/1004355/1004357/1004420.html,流山市 施設案内,https://www.city.nagareyama.chiba.jp/institution/1004355/1004357/1004420.html,公園 > 公園（北部地域）,公園,,,,,すべり台・シーソー,,,,,,,,運河駅,23,,令和3年8月12日,,,2026-09-23
平方2号公園,35.905958,139.895284,公園,すべり台・ブランコのある公園です。運河駅から徒歩25分。,https://www.city.nagareyama.chiba.jp/institution/1004355/1004357/1004421.html,流山市 施設案内,https://www.city.nagareyama.chiba.jp/institution/1004355/1004357/1004421.html,公園 > 公園（北部地域）,公園,,,,,すべり台・ブランコ,,,,,,,,運河駅,25,,令和3年8月12日,,,2026-09-23
平方3号公園,35.899903,139.899763,公園,ジャングルジム・ブランコ・すべり台・鉄棒のある公園です。江戸川台駅から徒歩17分。,https://www.city.nagareyama.chiba.jp/institution/1004355/1004357/1004422.html,流山市 施設案内,https://www.city.nagareyama.chiba.jp/institution/1004355/1004357/1004422.html,公園 > 公園（北部地域）,公園,,,,,ジャングルジム・ブランコ・すべり台・鉄棒,,,,,,,,江戸川台駅,17,,令和3年8月13日,,,2026-09-23
平方4号公園,35.899469,139.896967,公園,市が管理する公園です。江戸川台駅から徒歩21分。,https://www.city.nagareyama.chiba.jp/institution/1004355/1004357/1004423.html,流山市 施設案内,https://www.city.nagareyama.chiba.jp/institution/1004355/1004357/1004423.html,公園 > 公園（北部地域）,公園,,,,,,,,,,,,,江戸川台駅,21,,令和3年8月13日,,,2026-09-23
平方5号公園,35.898669,139.897338,公園,市が管理する公園です。江戸川台駅から徒歩18分。,https://www.city.nagareyama.chiba.jp/institution/1004355/1004357/1004424.html,流山市 施設案内,https://www.city.nagareyama.chiba.jp/institution/1004355/1004357/1004424.html,公園 > 公園（北部地域）,公園,,,,,,,,,,,,,江戸川台駅,18,,令和2年8月18日,,,2026-09-23
平方6号公園,35.904843,139.903422,公園,スイング遊具のある公園です。江戸川台駅から徒歩15分。,https://www.city.nagareyama.chiba.jp/institution/1004355/1004357/1033116.html,流山市 施設案内,https://www.city.nagareyama.chiba.jp/institution/1004355/1004357/1033116.html,公園 > 公園（北部地域）,公園,,,,,スイング遊具,,,,,,,,江戸川台駅,15,,令和3年12月23日,,,2026-09-23
後平井児童公園,35.855498,139.914672,公園,すべり台・ブランコのある公園です。流山セントラルパーク駅から徒歩2分。,https://www.city.nagareyama.chiba.jp/institution/1004355/1004646/1004690.html,流山市 施設案内,https://www.city.nagareyama.chiba.jp/institution/1004355/1004646/1004690.html,公園 > 公園（南部地域）,公園,,,,,すべり台・ブランコ,,,,,,,,流山セントラルパーク駅,2,,令和2年8月18日,,,2026-09-23
愛宕ふれあいの森,35.897748,139.896227,公園,市が管理する公園です。広さは約0.8ヘクタール。江戸川台駅から徒歩20分。,https://www.city.nagareyama.chiba.jp/institution/1004355/1004357/1004361.html,流山市 施設案内,https://www.city.nagareyama.chiba.jp/institution/1004355/1004357/1004361.html,公園 > 公園（北部地域）,公園,,,,,,,約0.8ヘクタール,,,,,,江戸川台駅,20,,令和2年8月18日,,,2026-09-23
日光橋公園,35.88939,139.91417,公園,シーソー・鉄棒のある公園です。初石駅から徒歩9分。,https://www.city.nagareyama.chiba.jp/institution/1004355/1004357/1004453.html,流山市 施設案内,https://www.city.nagareyama.chiba.jp/institution/1004355/1004357/1004453.html,公園 > 公園（北部地域）,公園,,,,,シーソー・鉄棒,,,,,,,,初石駅,9,,令和4年9月22日,,,2026-09-23
木1号公園,35.832916,139.901311,公園,ブランコ・複合遊具・鉄棒のある公園です。南流山駅から徒歩10分。,https://www.city.nagareyama.chiba.jp/institution/1004355/1004646/1004698.html,流山市 施設案内,https://www.city.nagareyama.chiba.jp/institution/1004355/1004646/1004698.html,公園 > 公園（南部地域）,公園,,,,,ブランコ・複合遊具・鉄棒,,,,,,,,南流山駅,10,,令和2年8月18日,,,2026-09-23
木1号緑地,35.83417,139.897326,公園,市が管理する公園です。南流山駅から徒歩12分。,https://www.city.nagareyama.chiba.jp/institution/1004355/1004646/1027580.html,流山市 施設案内,https://www.city.nagareyama.chiba.jp/institution/1004355/1004646/1027580.html,公園 > 公園（南部地域）,公園,,,,,,,,,,,,,南流山駅,12,,令和3年8月13日,,,2026-09-23
木2号公園,35.835316,139.89213,公園,スプリング遊具・鉄棒・ブランコ・複合遊具のある公園です。南流山駅から徒歩15分。,https://www.city.nagareyama.chiba.jp/institution/1004355/1004646/1027549.html,流山市 施設案内,https://www.city.nagareyama.chiba.jp/institution/1004355/1004646/1027549.html,公園 > 公園（南部地域）,公園,,,,,スプリング遊具・鉄棒・ブランコ・複合遊具,,,,,,,,南流山駅,15,,令和3年8月13日,,,2026-09-23
木3号公園,35.833215,139.895409,公園,スプリング遊具・ブランコ・すべり台のある公園です。南流山駅から徒歩14分。,https://www.city.nagareyama.chiba.jp/institution/1004355/1004646/1027563.html,流山市 施設案内,https://www.city.nagareyama.chiba.jp/institution/1004355/1004646/1027563.html,公園 > 公園（南部地域）,公園,,,,,スプリング遊具・ブランコ・すべり台,,,,,,,,南流山駅,14,,令和3年8月13日,,,2026-09-23
木4号公園,35.831941,139.891908,公園,市が管理する公園です。南流山駅から徒歩20分。,https://www.city.nagareyama.chiba.jp/institution/1004355/1004646/1031814.html,流山市 施設案内,https://www.city.nagareyama.chiba.jp/institution/1004355/1004646/1031814.html,公園 > 公園（南部地域）,公園,,,,,,,,,,,,,南流山駅,20,,令和3年8月6日,,,2026-09-23
木5号公園,35.82838,139.897787,公園,市が管理する公園です。南流山駅から徒歩20分。,https://www.city.nagareyama.chiba.jp/institution/1004355/1004646/1048845.html,流山市 施設案内,https://www.city.nagareyama.chiba.jp/institution/1004355/1004646/1048845.html,公園 > 公園（南部地域）,公園,,,,,,,,,,,,,南流山駅,20,,令和7年2月25日,,,2026-09-23
東初石1号緑地,35.891456,139.915893,公園,すべり台のある公園です。,https://www.city.nagareyama.chiba.jp/institution/1004355/1004556/1004636.html,流山市 施設案内,https://www.city.nagareyama.chiba.jp/institution/1004355/1004556/1004636.html,公園 > 公園（中部地域）,公園,,,,,すべり台,,,,,,,,,,,平成29年9月15日,,,2026-09-23
東初石2号緑地,35.891908,139.916395,公園,すべり台・ロープウェイ・丸太ジャングル・ネットクライムのある公園です。,https://www.city.nagareyama.chiba.jp/institution/1004355/1004556/1004637.html,流山市 施設案内,https://www.city.nagareyama.chiba.jp/institution/1004355/1004556/1004637.html,公園 > 公園（中部地域）,公園,,,,,すべり台・ロープウェイ・丸太ジャングル・ネットクライム・平均台,,,,,,,,,,,平成29年9月15日,,,2026-09-23
東初石3号緑地,35.892556,139.91706,公園,ブランコ・サッカーゴール・鉄棒のある公園です。,https://www.city.nagareyama.chiba.jp/institution/1004355/1004556/1004638.html,流山市 施設案内,https://www.city.nagareyama.chiba.jp/institution/1004355/1004556/1004638.html,公園 > 公園（中部地域）,公園,,,,,ブランコ・サッカーゴール・鉄棒,,,,,,,,,,,平成29年9月15日,,,2026-09-23
東初石4号緑地,35.893082,139.917541,公園,市が管理する公園です。,https://www.city.nagareyama.chiba.jp/institution/1004355/1004556/1004639.html,流山市 施設案内,https://www.city.nagareyama.chiba.jp/institution/1004355/1004556/1004639.html,公園 > 公園（中部地域）,公園,,,,,,,,,,,,,,,,平成29年9月15日,,,2026-09-23
東急1号公園,35.910529,139.9132,公園,すべり台・ブランコ・鉄棒のある公園です。運河駅から徒歩14分。,https://www.city.nagareyama.chiba.jp/institution/1004355/1004357/1004418.html,流山市 施設案内,https://www.city.nagareyama.chiba.jp/institution/1004355/1004357/1004418.html,公園 > 公園（北部地域）,公園,,,,,すべり台・ブランコ・鉄棒,,,,,,,,運河駅,14,,令和3年8月12日,,,2026-09-23
東急2号公園,35.909099,139.911776,公園,ブランコ・シーソー・鉄棒・スプリング遊具のある公園です。運河駅から徒歩14分。,https://www.city.nagareyama.chiba.jp/institution/1004355/1004357/1004419.html,流山市 施設案内,https://www.city.nagareyama.chiba.jp/institution/1004355/1004357/1004419.html,公園 > 公園（北部地域）,公園,,,,,ブランコ・シーソー・鉄棒・スプリング遊具,,,,,,,,運河駅,14,,令和3年8月12日,,,2026-09-23
東深井10号公園,35.910731,139.918233,公園,市が管理する公園です。,https://www.city.nagareyama.chiba.jp/institution/1004355/1004357/1004395.html,流山市 施設案内,https://www.city.nagareyama.chiba.jp/institution/1004355/1004357/1004395.html,公園 > 公園（北部地域）,公園,,,,,,,,,,,,,,,,平成29年9月15日,,,2026-09-23
東深井11号公園,35.905356,139.906219,公園,シーソー・リンク遊具のある公園です。江戸川台東駅から徒歩16分。,https://www.city.nagareyama.chiba.jp/institution/1004355/1004357/1004396.html,流山市 施設案内,https://www.city.nagareyama.chiba.jp/institution/1004355/1004357/1004396.html,公園 > 公園（北部地域）,公園,,,,,シーソー・リンク遊具,,,,,,,,江戸川台東駅,16,,令和2年8月18日,,,2026-09-23
東深井12号公園,35.906599,139.906727,公園,ブランコのある公園です。江戸川台駅から徒歩14分。,https://www.city.nagareyama.chiba.jp/institution/1004355/1004357/1004397.html,流山市 施設案内,https://www.city.nagareyama.chiba.jp/institution/1004355/1004357/1004397.html,公園 > 公園（北部地域）,公園,,,,,ブランコ,,,,,,,,江戸川台駅,14,,令和2年8月18日,,,2026-09-23
東深井13号公園,35.913383,139.91668,公園,ブランコ・シーソーのある公園です。運河駅から徒歩13分。,https://www.city.nagareyama.chiba.jp/institution/1004355/1004357/1004398.html,流山市 施設案内,https://www.city.nagareyama.chiba.jp/institution/1004355/1004357/1004398.html,公園 > 公園（北部地域）,公園,,,,,ブランコ・シーソー,,,,,,,,運河駅,13,,令和2年8月18日,,,2026-09-23
東深井14号公園,35.911999,139.911339,公園,リンク遊具のある公園です。運河駅から徒歩9分。,https://www.city.nagareyama.chiba.jp/institution/1004355/1004357/1004399.html,流山市 施設案内,https://www.city.nagareyama.chiba.jp/institution/1004355/1004357/1004399.html,公園 > 公園（北部地域）,公園,,,,,リンク遊具,,,,,,,,運河駅,9,,令和2年8月18日,,,2026-09-23
東深井15号公園,35.914322,139.916655,公園,市が管理する公園です。運河駅から徒歩12分。,https://www.city.nagareyama.chiba.jp/institution/1004355/1004357/1004400.html,流山市 施設案内,https://www.city.nagareyama.chiba.jp/institution/1004355/1004357/1004400.html,公園 > 公園（北部地域）,公園,,,,,,,,,,,,,運河駅,12,,令和2年8月18日,,,2026-09-23
東深井16号公園,35.912845,139.91223,公園,うんてい・ブランコのある公園です。運河駅から徒歩9分。,https://www.city.nagareyama.chiba.jp/institution/1004355/1004357/1004401.html,流山市 施設案内,https://www.city.nagareyama.chiba.jp/institution/1004355/1004357/1004401.html,公園 > 公園（北部地域）,公園,,,,,うんてい・ブランコ,,,,,,,,運河駅,9,,令和2年8月18日,,,2026-09-23
東深井17号公園,35.908164,139.907944,公園,ブランコのある公園です。運河駅から徒歩12分。,https://www.city.nagareyama.chiba.jp/institution/1004355/1004357/1004402.html,流山市 施設案内,https://www.city.nagareyama.chiba.jp/institution/1004355/1004357/1004402.html,公園 > 公園（北部地域）,公園,,,,,ブランコ,,,,,,,,運河駅,12,,令和2年8月18日,,,2026-09-23
東深井18号公園,35.909052,139.915073,公園,市が管理する公園です。運河駅から徒歩16分。,https://www.city.nagareyama.chiba.jp/institution/1004355/1004357/1004403.html,流山市 施設案内,https://www.city.nagareyama.chiba.jp/institution/1004355/1004357/1004403.html,公園 > 公園（北部地域）,公園,,,,,,,,,,,,,運河駅,16,,令和2年8月18日,,,2026-09-23
東深井19号公園,35.913892,139.91002,公園,市が管理する公園です。運河駅から徒歩6分。,https://www.city.nagareyama.chiba.jp/institution/1004355/1004357/1004404.html,流山市 施設案内,https://www.city.nagareyama.chiba.jp/institution/1004355/1004357/1004404.html,公園 > 公園（北部地域）,公園,,,,,,,,,,,,,運河駅,6,,令和2年8月18日,,,2026-09-23
東深井1号公園,35.911138,139.912302,公園,すべり台・ブランコ・シーソー・助木のある公園です。運河駅から徒歩11分。,https://www.city.nagareyama.chiba.jp/institution/1004355/1004357/1004386.html,流山市 施設案内,https://www.city.nagareyama.chiba.jp/institution/1004355/1004357/1004386.html,公園 > 公園（北部地域）,公園,,,,,すべり台・ブランコ・シーソー・助木,,,,,,,,運河駅,11,,令和3年8月13日,,,2026-09-23
東深井1号緑地,35.914307,139.919952,公園,市が管理する公園です。,https://www.city.nagareyama.chiba.jp/institution/1004355/1004357/1004467.html,流山市 施設案内,https://www.city.nagareyama.chiba.jp/institution/1004355/1004357/1004467.html,公園 > 公園（北部地域）,公園,,,,,,,,,,,,,,,,平成29年9月15日,,,2026-09-23
東深井20号公園,35.906402,139.911881,公園,スプリング遊具・リンク遊具のある公園です。運河駅・江戸川駅から徒歩17分。,https://www.city.nagareyama.chiba.jp/institution/1004355/1004357/1004405.html,流山市 施設案内,https://www.city.nagareyama.chiba.jp/institution/1004355/1004357/1004405.html,公園 > 公園（北部地域）,公園,,,,,スプリング遊具・リンク遊具,,,,,,,,運河駅・江戸川駅,17,,令和2年8月18日,,,2026-09-23
東深井21号公園,35.909317,139.905664,公園,鉄棒のある公園です。運河駅から徒歩12分。,https://www.city.nagareyama.chiba.jp/institution/1004355/1004357/1004406.html,流山市 施設案内,https://www.city.nagareyama.chiba.jp/institution/1004355/1004357/1004406.html,公園 > 公園（北部地域）,公園,,,,,鉄棒,,,,,,,,運河駅,12,,令和2年8月18日,,,2026-09-23
東深井22号公園,35.913236,139.910143,公園,すべり台のある公園です。運河駅から徒歩7分。,https://www.city.nagareyama.chiba.jp/institution/1004355/1004357/1004407.html,流山市 施設案内,https://www.city.nagareyama.chiba.jp/institution/1004355/1004357/1004407.html,公園 > 公園（北部地域）,公園,,,,,すべり台,,,,,,,,運河駅,7,,令和2年8月18日,,,2026-09-23
東深井23号公園,35.912743,139.911723,公園,スプリング遊具のある公園です。運河駅から徒歩8分。,https://www.city.nagareyama.chiba.jp/institution/1004355/1004357/1004408.html,流山市 施設案内,https://www.city.nagareyama.chiba.jp/institution/1004355/1004357/1004408.html,公園 > 公園（北部地域）,公園,,,,,スプリング遊具,,,,,,,,運河駅,8,,令和2年8月18日,,,2026-09-23
東深井24号公園,35.911629,139.914665,公園,複合遊具のある公園です。運河駅から徒歩12分。,https://www.city.nagareyama.chiba.jp/institution/1004355/1004357/1004409.html,流山市 施設案内,https://www.city.nagareyama.chiba.jp/institution/1004355/1004357/1004409.html,公園 > 公園（北部地域）,公園,,,,,複合遊具,,,,,,,,運河駅,12,,令和2年8月18日,,,2026-09-23
東深井25号公園,35.91152,139.913614,公園,市が管理する公園です。運河駅から徒歩11分。,https://www.city.nagareyama.chiba.jp/institution/1004355/1004357/1004410.html,流山市 施設案内,https://www.city.nagareyama.chiba.jp/institution/1004355/1004357/1004410.html,公園 > 公園（北部地域）,公園,,,,,,,,,,,,,運河駅,11,,令和2年8月18日,,,2026-09-23
東深井26号公園,35.91099,139.906495,公園,スプリング遊具のある公園です。運河駅から徒歩10分。,https://www.city.nagareyama.chiba.jp/institution/1004355/1004357/1004411.html,流山市 施設案内,https://www.city.nagareyama.chiba.jp/institution/1004355/1004357/1004411.html,公園 > 公園（北部地域）,公園,,,,,スプリング遊具,,,,,,,,運河駅,10,,令和2年8月18日,,,2026-09-23
東深井27号公園,35.908062,139.912165,公園,スプリング遊具のある公園です。運河駅から徒歩15分。,https://www.city.nagareyama.chiba.jp/institution/1004355/1004357/1004412.html,流山市 施設案内,https://www.city.nagareyama.chiba.jp/institution/1004355/1004357/1004412.html,公園 > 公園（北部地域）,公園,,,,,スプリング遊具,,,,,,,,運河駅,15,,令和2年8月18日,,,2026-09-23
東深井28号公園,35.914318,139.915261,公園,すべり台・スプリング遊具のある公園です。運河駅から徒歩11分。,https://www.city.nagareyama.chiba.jp/institution/1004355/1004357/1004413.html,流山市 施設案内,https://www.city.nagareyama.chiba.jp/institution/1004355/1004357/1004413.html,公園 > 公園（北部地域）,公園,,,,,すべり台・スプリング遊具,,,,,,,,運河駅,11,,令和2年8月18日,,,2026-09-23
東深井29号公園,35.913312,139.913861,公園,スプリング遊具のある公園です。運河駅から徒歩10分。,https://www.city.nagareyama.chiba.jp/institution/1004355/1004357/1004414.html,流山市 施設案内,https://www.city.nagareyama.chiba.jp/institution/1004355/1004357/1004414.html,公園 > 公園（北部地域）,公園,,,,,スプリング遊具,,,,,,,,運河駅,10,,令和2年8月18日,,,2026-09-23
東深井2号公園,35.914899,139.919911,公園,すべり台・ブランコ・鉄棒のある公園です。運河駅から徒歩16分。,https://www.city.nagareyama.chiba.jp/institution/1004355/1004357/1004387.html,流山市 施設案内,https://www.city.nagareyama.chiba.jp/institution/1004355/1004357/1004387.html,公園 > 公園（北部地域）,公園,,,,,すべり台・ブランコ・鉄棒,,,,,,,,運河駅,16,,令和3年8月13日,,,2026-09-23
東深井30号公園,35.905989,139.907225,公園,スプリング遊具のある公園です。江戸川台駅駅から徒歩13分。,https://www.city.nagareyama.chiba.jp/institution/1004355/1004357/1004415.html,流山市 施設案内,https://www.city.nagareyama.chiba.jp/institution/1004355/1004357/1004415.html,公園 > 公園（北部地域）,公園,,,,,スプリング遊具,,,,,,,,江戸川台駅駅,13,,令和3年8月12日,,,2026-09-23
東深井31号公園,35.90658,139.910277,公園,リンク遊具のある公園です。運河駅・江戸川台駅から徒歩15分。,https://www.city.nagareyama.chiba.jp/institution/1004355/1004357/1004416.html,流山市 施設案内,https://www.city.nagareyama.chiba.jp/institution/1004355/1004357/1004416.html,公園 > 公園（北部地域）,公園,,,,,リンク遊具,,,,,,,,運河駅・江戸川台駅,15,,令和2年8月18日,,,2026-09-23
東深井32号公園,35.905528,139.908194,公園,リンク遊具のある公園です。運河駅から徒歩18分。,https://www.city.nagareyama.chiba.jp/institution/1004355/1004357/1036011.html,流山市 施設案内,https://www.city.nagareyama.chiba.jp/institution/1004355/1004357/1036011.html,公園 > 公園（北部地域）,公園,,,,,リンク遊具,,,,,,,,運河駅,18,,令和4年4月25日,,,2026-09-23
東深井3号公園,35.916162,139.915893,公園,すべり台・ブランコのある公園です。運河駅から徒歩12分。,https://www.city.nagareyama.chiba.jp/institution/1004355/1004357/1004388.html,流山市 施設案内,https://www.city.nagareyama.chiba.jp/institution/1004355/1004357/1004388.html,公園 > 公園（北部地域）,公園,,,,,すべり台・ブランコ,,,,,,,,運河駅,12,,令和3年8月13日,,,2026-09-23
東深井4号公園,35.909243,139.916817,公園,ブランコ・シーソー・鉄棒のある公園です。運河駅から徒歩18分。,https://www.city.nagareyama.chiba.jp/institution/1004355/1004357/1004389.html,流山市 施設案内,https://www.city.nagareyama.chiba.jp/institution/1004355/1004357/1004389.html,公園 > 公園（北部地域）,公園,,,,,ブランコ・シーソー・鉄棒,,,,,,,,運河駅,18,,令和3年8月13日,,,2026-09-23
東深井5号公園,35.916342,139.919812,公園,ブランコ・スプリング遊具のある公園です。運河駅から徒歩18分。,https://www.city.nagareyama.chiba.jp/institution/1004355/1004357/1004390.html,流山市 施設案内,https://www.city.nagareyama.chiba.jp/institution/1004355/1004357/1004390.html,公園 > 公園（北部地域）,公園,,,,,ブランコ・スプリング遊具,,,,,,,,運河駅,18,,令和3年8月13日,,,2026-09-23
東深井6号公園,35.904847,139.910337,公園,ブランコ・複合遊具のある公園です。江戸川台駅から徒歩12分。,https://www.city.nagareyama.chiba.jp/institution/1004355/1004357/1004391.html,流山市 施設案内,https://www.city.nagareyama.chiba.jp/institution/1004355/1004357/1004391.html,公園 > 公園（北部地域）,公園,,,,,ブランコ・複合遊具,,,,,,,,江戸川台駅,12,,令和2年8月18日,,,2026-09-23
東深井7号公園,35.905667,139.914645,公園,すべり台・ブランコのある公園です。江戸川台駅から徒歩14分。,https://www.city.nagareyama.chiba.jp/institution/1004355/1004357/1004392.html,流山市 施設案内,https://www.city.nagareyama.chiba.jp/institution/1004355/1004357/1004392.html,公園 > 公園（北部地域）,公園,,,,,すべり台・ブランコ,,,,,,,,江戸川台駅,14,,令和2年8月18日,,,2026-09-23
東深井8号公園,35.907358,139.916328,公園,すべり台のある公園です。江戸川台駅から徒歩17分。,https://www.city.nagareyama.chiba.jp/institution/1004355/1004357/1004393.html,流山市 施設案内,https://www.city.nagareyama.chiba.jp/institution/1004355/1004357/1004393.html,公園 > 公園（北部地域）,公園,,,,,すべり台,,,,,,,,江戸川台駅,17,,令和2年8月18日,,,2026-09-23
東深井9号公園,35.908684,139.916282,公園,ブランコ・鉄棒のある公園です。運河駅から徒歩17分。,https://www.city.nagareyama.chiba.jp/institution/1004355/1004357/1004394.html,流山市 施設案内,https://www.city.nagareyama.chiba.jp/institution/1004355/1004357/1004394.html,公園 > 公園（北部地域）,公園,,,,,ブランコ・鉄棒,,,,,,,,運河駅,17,,令和2年8月18日,,,2026-09-23
東深井こもれび公園,35.908257,139.911157,公園,複合遊具のある公園です。運河駅から徒歩14分。,https://www.city.nagareyama.chiba.jp/institution/1004355/1004357/1004417.html,流山市 施設案内,https://www.city.nagareyama.chiba.jp/institution/1004355/1004357/1004417.html,公園 > 公園（北部地域）,公園,,,,,複合遊具,,,,,,,,運河駅,14,,令和2年8月18日,,,2026-09-23
東深井こもれび緑道,35.908035,139.911028,公園,市が管理する公園です。,https://www.city.nagareyama.chiba.jp/institution/1004355/1004357/1004468.html,流山市 施設案内,https://www.city.nagareyama.chiba.jp/institution/1004355/1004357/1004468.html,公園 > 公園（北部地域）,公園,,,,,,,,,,,,,,,,平成29年9月15日,,,2026-09-23
東深井中ノ坪緑地,35.91452,139.915607,公園,市が管理する公園です。,https://www.city.nagareyama.chiba.jp/institution/1004355/1004357/1004470.html,流山市 施設案内,https://www.city.nagareyama.chiba.jp/institution/1004355/1004357/1004470.html,公園 > 公園（北部地域）,公園,,,,,,,,,,,,,,,,平成29年9月15日,,,2026-09-23
東深井地区公園,35.91319,139.91811,公園,古墳群が残る約5.5ヘクタールの公園。ブランコとシーソーのほか遊具が15基あり、となりに森の図書館と市民プールがあります。多目的トイレあり。,https://www.city.nagareyama.chiba.jp/institution/1004355/1004357/1004360.html,流山市 施設案内,https://www.city.nagareyama.chiba.jp/institution/1004355/1004357/1004360.html,公園 > 公園（北部地域）,公園,,,,,ブランコ・シーソー,1,約6.7ヘクタール,,1,,,多目的トイレ,,,,平成29年9月15日,,,2026-09-23
東深井散策の森,35.909732,139.909344,公園,市が管理する公園です。,https://www.city.nagareyama.chiba.jp/institution/1004355/1004357/1004475.html,流山市 施設案内,https://www.city.nagareyama.chiba.jp/institution/1004355/1004357/1004475.html,公園 > 公園（北部地域）,公園,,,,,,,,,,,,,,,,平成29年9月15日,,,2026-09-23
東深井本宿緑地,35.91449,139.903488,公園,市が管理する公園です。,https://www.city.nagareyama.chiba.jp/institution/1004355/1004357/1004464.html,流山市 施設案内,https://www.city.nagareyama.chiba.jp/institution/1004355/1004357/1004464.html,公園 > 公園（北部地域）,公園,,,,,,,,,,,,,,,,平成29年9月15日,,,2026-09-23
東深井東原緑道,35.910764,139.91452,公園,市が管理する公園です。,https://www.city.nagareyama.chiba.jp/institution/1004355/1004357/1004474.html,流山市 施設案内,https://www.city.nagareyama.chiba.jp/institution/1004355/1004357/1004474.html,公園 > 公園（北部地域）,公園,,,,,,,,,,,,,,,,平成29年9月15日,,,2026-09-23
東部近隣公園（やまびこ公園）,35.846637,139.943403,公園,芝生の広場と木製のアスレチック遊具がある約1.7ヘクタールの公園。林の中に遊歩道が通っています。多目的トイレあり。,https://www.city.nagareyama.chiba.jp/institution/1004355/1004479/1004482.html,流山市 施設案内,https://www.city.nagareyama.chiba.jp/institution/1004355/1004479/1004482.html,公園 > 公園（東部地域）,公園,,,,,ブランコ・平均台・アスレチック遊具,1,約1.8ヘクタール,,1,,,多目的トイレ,,,,平成29年9月15日,,,2026-09-23
松ケ丘10号公園,35.851644,139.949727,公園,スプリング遊具のある公園です。南柏駅から徒歩14分。,https://www.city.nagareyama.chiba.jp/institution/1004355/1004479/1048838.html,流山市 施設案内,https://www.city.nagareyama.chiba.jp/institution/1004355/1004479/1048838.html,公園 > 公園（東部地域）,公園,,,,,スプリング遊具,,,,,,,,南柏駅,14,,令和7年2月25日,,,2026-09-23
松ケ丘2号公園,35.853091,139.947594,公園,すべり台・ブランコ・鉄棒のある公園です。,https://www.city.nagareyama.chiba.jp/institution/1004355/1004479/1004502.html,流山市 施設案内,https://www.city.nagareyama.chiba.jp/institution/1004355/1004479/1004502.html,公園 > 公園（東部地域）,公園,,,,,すべり台・ブランコ・鉄棒,,,,,,,,,,,平成29年9月15日,,,2026-09-23
松ケ丘2号散策の森,35.851445,139.94559,公園,市が管理する公園です。,https://www.city.nagareyama.chiba.jp/institution/1004355/1004479/1004550.html,流山市 施設案内,https://www.city.nagareyama.chiba.jp/institution/1004355/1004479/1004550.html,公園 > 公園（東部地域）,公園,,,,,,,,,,,,,,,,平成29年9月15日,,,2026-09-23
松ケ丘3号公園,35.853724,139.944777,公園,すべり台・ブランコ・シーソー・鉄棒のある公園です。,https://www.city.nagareyama.chiba.jp/institution/1004355/1004479/1004503.html,流山市 施設案内,https://www.city.nagareyama.chiba.jp/institution/1004355/1004479/1004503.html,公園 > 公園（東部地域）,公園,,,,,すべり台・ブランコ・シーソー・鉄棒,,,,,,,,,,,平成29年9月15日,,,2026-09-23
松ケ丘3号散策の森,35.852373,139.948587,公園,市が管理する公園です。,https://www.city.nagareyama.chiba.jp/institution/1004355/1004479/1004551.html,流山市 施設案内,https://www.city.nagareyama.chiba.jp/institution/1004355/1004479/1004551.html,公園 > 公園（東部地域）,公園,,,,,,,,,,,,,,,,平成29年9月15日,,,2026-09-23
松ケ丘4号公園,35.846666,139.949126,公園,ブランコ・鉄棒のある公園です。,https://www.city.nagareyama.chiba.jp/institution/1004355/1004479/1004504.html,流山市 施設案内,https://www.city.nagareyama.chiba.jp/institution/1004355/1004479/1004504.html,公園 > 公園（東部地域）,公園,,,,,ブランコ・鉄棒,,,,,,,,,,,平成29年9月15日,,,2026-09-23
松ケ丘5号公園,35.845038,139.947923,公園,ブランコ・スプリング遊具・鉄棒のある公園です。,https://www.city.nagareyama.chiba.jp/institution/1004355/1004479/1004505.html,流山市 施設案内,https://www.city.nagareyama.chiba.jp/institution/1004355/1004479/1004505.html,公園 > 公園（東部地域）,公園,,,,,ブランコ・スプリング遊具・鉄棒,,,,,,,,,,,平成29年9月15日,,,2026-09-23
松ケ丘6号公園,35.844664,139.946578,公園,すべり台・ブランコ・スプリング遊具のある公園です。,https://www.city.nagareyama.chiba.jp/institution/1004355/1004479/1004506.html,流山市 施設案内,https://www.city.nagareyama.chiba.jp/institution/1004355/1004479/1004506.html,公園 > 公園（東部地域）,公園,,,,,すべり台・ブランコ・スプリング遊具,,,,,,,,,,,平成29年9月15日,,,2026-09-23
松ケ丘7号公園,35.851761,139.946103,公園,スプリング遊具のある公園です。,https://www.city.nagareyama.chiba.jp/institution/1004355/1004479/1004507.html,流山市 施設案内,https://www.city.nagareyama.chiba.jp/institution/1004355/1004479/1004507.html,公園 > 公園（東部地域）,公園,,,,,スプリング遊具,,,,,,,,,,,平成29年9月15日,,,2026-09-23
松ケ丘8号公園,35.852531,139.94555,公園,ジャングルジムのある公園です。,https://www.city.nagareyama.chiba.jp/institution/1004355/1004479/1004508.html,流山市 施設案内,https://www.city.nagareyama.chiba.jp/institution/1004355/1004479/1004508.html,公園 > 公園（東部地域）,公園,,,,,ジャングルジム,,,,,,,,,,,平成29年9月15日,,,2026-09-23
松ケ丘9号公園,35.851204,139.948606,公園,スプリング遊具のある公園です。南柏駅から徒歩14分。,https://www.city.nagareyama.chiba.jp/institution/1004355/1004479/1027559.html,流山市 施設案内,https://www.city.nagareyama.chiba.jp/institution/1004355/1004479/1027559.html,公園 > 公園（東部地域）,公園,,,,,スプリング遊具,,,,,,,,南柏駅,14,,令和3年8月13日,,,2026-09-23
松ケ丘ふるさと公園,35.849158,139.946483,公園,すべり台・ブランコ・シーソーのある公園です。トイレがあります。,https://www.city.nagareyama.chiba.jp/institution/1004355/1004479/1004509.html,流山市 施設案内,https://www.city.nagareyama.chiba.jp/institution/1004355/1004479/1004509.html,公園 > 公園（東部地域）,公園,,,,,すべり台・ブランコ・シーソー,1,,,,,,,,,,平成29年9月15日,,,2026-09-23
松ケ丘公園,35.847815,139.951052,公園,すべり台・ブランコ・ジャングルジム・うんていのある公園です。,https://www.city.nagareyama.chiba.jp/institution/1004355/1004479/1004501.html,流山市 施設案内,https://www.city.nagareyama.chiba.jp/institution/1004355/1004479/1004501.html,公園 > 公園（東部地域）,公園,,,,,すべり台・ブランコ・ジャングルジム・うんてい・鉄棒,,,,,,,,,,,平成29年9月15日,,,2026-09-23
松ケ丘緑道,35.844325,139.947441,公園,市が管理する公園です。,https://www.city.nagareyama.chiba.jp/institution/1004355/1004479/1004547.html,流山市 施設案内,https://www.city.nagareyama.chiba.jp/institution/1004355/1004479/1004547.html,公園 > 公園（東部地域）,公園,,,,,,,,,,,,,,,,平成29年9月15日,,,2026-09-23
松ケ丘野馬土手緑地,35.847821,139.952481,公園,市が管理する公園です。,https://www.city.nagareyama.chiba.jp/institution/1004355/1004479/1004546.html,流山市 施設案内,https://www.city.nagareyama.chiba.jp/institution/1004355/1004479/1004546.html,公園 > 公園（東部地域）,公園,,,,,,,,,,,,,,,,平成29年9月15日,,,2026-09-23
江戸川台10号公園,35.896514,139.912327,公園,ジャングルジム・ブランコ・すべり台・シーソーのある公園です。江戸川台駅から徒歩3分。,https://www.city.nagareyama.chiba.jp/institution/1004355/1004357/1004373.html,流山市 施設案内,https://www.city.nagareyama.chiba.jp/institution/1004355/1004357/1004373.html,公園 > 公園（北部地域）,公園,,,,,ジャングルジム・ブランコ・すべり台・シーソー・鉄棒,,,,,,,,江戸川台駅,3,,令和2年2月3日,,,2026-09-23
江戸川台10号緑地,35.900896,139.908487,公園,市が管理する公園です。江戸川台駅から徒歩5分。,https://www.city.nagareyama.chiba.jp/institution/1004355/1004357/1004460.html,流山市 施設案内,https://www.city.nagareyama.chiba.jp/institution/1004355/1004357/1004460.html,公園 > 公園（北部地域）,公園,,,,,,,,,,,,,江戸川台駅,5,,令和3年8月16日,,,2026-09-23
江戸川台11号公園,35.894861,139.912724,公園,ブランコ・シーソーのある公園です。江戸川台駅から徒歩4分。,https://www.city.nagareyama.chiba.jp/institution/1004355/1004357/1004374.html,流山市 施設案内,https://www.city.nagareyama.chiba.jp/institution/1004355/1004357/1004374.html,公園 > 公園（北部地域）,公園,,,,,ブランコ・シーソー,,,,,,,,江戸川台駅,4,,令和2年2月3日,,,2026-09-23
江戸川台11号緑地,35.901006,139.908603,公園,市が管理する公園です。,https://www.city.nagareyama.chiba.jp/institution/1004355/1004357/1004461.html,流山市 施設案内,https://www.city.nagareyama.chiba.jp/institution/1004355/1004357/1004461.html,公園 > 公園（北部地域）,公園,,,,,,,,,,,,,,,,平成29年9月15日,,,2026-09-23
江戸川台12号公園,35.895381,139.909692,公園,ジャングルジム・ブランコ・すべり台・シーソーのある公園です。江戸川台駅から徒歩7分。,https://www.city.nagareyama.chiba.jp/institution/1004355/1004357/1004375.html,流山市 施設案内,https://www.city.nagareyama.chiba.jp/institution/1004355/1004357/1004375.html,公園 > 公園（北部地域）,公園,,,,,ジャングルジム・ブランコ・すべり台・シーソー・鉄棒,,,,,,,,江戸川台駅,7,,令和2年2月3日,,,2026-09-23
江戸川台13号公園,35.895014,139.90821,公園,市が管理する公園です。江戸川台駅から徒歩9分。,https://www.city.nagareyama.chiba.jp/institution/1004355/1004357/1004376.html,流山市 施設案内,https://www.city.nagareyama.chiba.jp/institution/1004355/1004357/1004376.html,公園 > 公園（北部地域）,公園,,,,,,,,,,,,,江戸川台駅,9,,令和2年2月3日,,,2026-09-23
江戸川台14号公園,35.904513,139.914011,公園,市が管理する公園です。江戸川台駅から徒歩12分。,https://www.city.nagareyama.chiba.jp/institution/1004355/1004357/1004377.html,流山市 施設案内,https://www.city.nagareyama.chiba.jp/institution/1004355/1004357/1004377.html,公園 > 公園（北部地域）,公園,,,,,,,,,,,,,江戸川台駅,12,,令和3年8月13日,,,2026-09-23
江戸川台15号公園,35.892598,139.907439,公園,ブランコ・すべり台のある公園です。江戸川駅から徒歩11分。,https://www.city.nagareyama.chiba.jp/institution/1004355/1004357/1004378.html,流山市 施設案内,https://www.city.nagareyama.chiba.jp/institution/1004355/1004357/1004378.html,公園 > 公園（北部地域）,公園,,,,,ブランコ・すべり台,,,,,,,,江戸川駅,11,,令和3年8月13日,,,2026-09-23
江戸川台16号公園,35.891967,139.918228,公園,すべり台・ブランコのある公園です。江戸川台駅から徒歩13分。,https://www.city.nagareyama.chiba.jp/institution/1004355/1004357/1004568.html,流山市 施設案内,https://www.city.nagareyama.chiba.jp/institution/1004355/1004357/1004568.html,公園 > 公園（北部地域）,公園,,,,,すべり台・ブランコ,,,,,,,,江戸川台駅,13,,令和3年8月13日,,,2026-09-23
江戸川台17号公園,35.890862,139.90696,公園,すべり台・リンク遊具・鉄棒のある公園です。江戸川台駅から徒歩11分。,https://www.city.nagareyama.chiba.jp/institution/1004355/1004357/1004379.html,流山市 施設案内,https://www.city.nagareyama.chiba.jp/institution/1004355/1004357/1004379.html,公園 > 公園（北部地域）,公園,,,,,すべり台・リンク遊具・鉄棒,,,,,,,,江戸川台駅,11,,令和2年8月18日,,,2026-09-23
江戸川台18号公園,35.893183,139.914044,公園,遊具が2基ある公園です。江戸川台駅から徒歩8分。,https://www.city.nagareyama.chiba.jp/institution/1004355/1004357/1004380.html,流山市 施設案内,https://www.city.nagareyama.chiba.jp/institution/1004355/1004357/1004380.html,公園 > 公園（北部地域）,公園,,,,,,,,,,,,,江戸川台駅,8,,令和2年8月18日,,,2026-09-23
江戸川台19号公園,35.900859,139.917395,公園,シーソー・うんてい・鉄棒のある公園です。江戸川台駅から徒歩10分。,https://www.city.nagareyama.chiba.jp/institution/1004355/1004357/1004381.html,流山市 施設案内,https://www.city.nagareyama.chiba.jp/institution/1004355/1004357/1004381.html,公園 > 公園（北部地域）,公園,,,,,シーソー・うんてい・鉄棒,,,,,,,,江戸川台駅,10,,令和2年8月18日,,,2026-09-23
江戸川台1号公園,35.899791,139.908206,公園,ジャングルジム・ブランコ・すべり台のある公園です。江戸川台駅から徒歩5分。,https://www.city.nagareyama.chiba.jp/institution/1004355/1004357/1004364.html,流山市 施設案内,https://www.city.nagareyama.chiba.jp/institution/1004355/1004357/1004364.html,公園 > 公園（北部地域）,公園,,,,,ジャングルジム・ブランコ・すべり台,,,,,,,,江戸川台駅,5,,令和2年1月29日,,,2026-09-23
江戸川台1号緑地,35.905184,139.911874,公園,市が管理する公園です。,https://www.city.nagareyama.chiba.jp/institution/1004355/1004357/1004454.html,流山市 施設案内,https://www.city.nagareyama.chiba.jp/institution/1004355/1004357/1004454.html,公園 > 公園（北部地域）,公園,,,,,,,,,,,,,,,,平成29年9月15日,,,2026-09-23
江戸川台20号公園,35.894237,139.909281,公園,市が管理する公園です。江戸川台駅から徒歩5分。,https://www.city.nagareyama.chiba.jp/institution/1004355/1004357/1004382.html,流山市 施設案内,https://www.city.nagareyama.chiba.jp/institution/1004355/1004357/1004382.html,公園 > 公園（北部地域）,公園,,,,,,,,,,,,,江戸川台駅,5,,令和2年8月18日,,,2026-09-23
江戸川台21号公園,35.893502,139.913599,公園,すべり台・スプリング遊具のある公園です。江戸川台駅から徒歩6分。,https://www.city.nagareyama.chiba.jp/institution/1004355/1004357/1004383.html,流山市 施設案内,https://www.city.nagareyama.chiba.jp/institution/1004355/1004357/1004383.html,公園 > 公園（北部地域）,公園,,,,,すべり台・スプリング遊具,,,,,,,,江戸川台駅,6,,令和2年8月18日,,,2026-09-23
江戸川台22号公園,35.894091,139.913657,公園,すべり台のある公園です。江戸川台駅から徒歩6分。,https://www.city.nagareyama.chiba.jp/institution/1004355/1004357/1004384.html,流山市 施設案内,https://www.city.nagareyama.chiba.jp/institution/1004355/1004357/1004384.html,公園 > 公園（北部地域）,公園,,,,,すべり台,,,,,,,,江戸川台駅,6,,令和2年8月18日,,,2026-09-23
江戸川台23号公園,35.894302,139.912379,公園,市が管理する公園です。,https://www.city.nagareyama.chiba.jp/institution/1004355/1004357/1004385.html,流山市 施設案内,https://www.city.nagareyama.chiba.jp/institution/1004355/1004357/1004385.html,公園 > 公園（北部地域）,公園,,,,,,,,,,,,,,,,平成29年9月15日,,,2026-09-23
江戸川台24号公園,35.8915,139.911957,公園,スプリング遊具のある公園です。江戸川台駅から徒歩8分。,https://www.city.nagareyama.chiba.jp/institution/1004355/1004357/1027571.html,流山市 施設案内,https://www.city.nagareyama.chiba.jp/institution/1004355/1004357/1027571.html,公園 > 公園（北部地域）,公園,,,,,スプリング遊具,,,,,,,,江戸川台駅,8,,令和3年8月13日,,,2026-09-23
江戸川台2号公園,35.899433,139.910708,公園,ジャングルジム・ブランコ・すべり台・うんていのある公園です。江戸川台駅から徒歩3分。,https://www.city.nagareyama.chiba.jp/institution/1004355/1004357/1004365.html,流山市 施設案内,https://www.city.nagareyama.chiba.jp/institution/1004355/1004357/1004365.html,公園 > 公園（北部地域）,公園,,,,,ジャングルジム・ブランコ・すべり台・うんてい,,,,,,,,江戸川台駅,3,,令和2年1月29日,,,2026-09-23
江戸川台2号緑地,35.903292,139.914255,公園,市が管理する公園です。江戸川台駅から徒歩10分。,https://www.city.nagareyama.chiba.jp/institution/1004355/1004357/1004455.html,流山市 施設案内,https://www.city.nagareyama.chiba.jp/institution/1004355/1004357/1004455.html,公園 > 公園（北部地域）,公園,,,,,,,,,,,,,江戸川台駅,10,,令和3年8月13日,,,2026-09-23
江戸川台3号公園,35.900828,139.910115,公園,ブランコ・シーソー・すべり台・太鼓橋のある公園です。江戸川台駅から徒歩5分。,https://www.city.nagareyama.chiba.jp/institution/1004355/1004357/1004366.html,流山市 施設案内,https://www.city.nagareyama.chiba.jp/institution/1004355/1004357/1004366.html,公園 > 公園（北部地域）,公園,,,,,ブランコ・シーソー・すべり台・太鼓橋・鉄棒,,,,,,,,江戸川台駅,5,,令和2年1月30日,,,2026-09-23
江戸川台4号公園,35.903511,139.91038,公園,ブランコ・すべり台・シーソーのある公園です。江戸川台駅から徒歩10分。,https://www.city.nagareyama.chiba.jp/institution/1004355/1004357/1004367.html,流山市 施設案内,https://www.city.nagareyama.chiba.jp/institution/1004355/1004357/1004367.html,公園 > 公園（北部地域）,公園,,,,,ブランコ・すべり台・シーソー,,,,,,,,江戸川台駅,10,,令和2年1月31日,,,2026-09-23
江戸川台5号公園,35.904045,139.908609,公園,ジャングルジム・すべり台・ブランコ・スプリング遊具のある公園です。江戸川台駅から徒歩11分。,https://www.city.nagareyama.chiba.jp/institution/1004355/1004357/1004368.html,流山市 施設案内,https://www.city.nagareyama.chiba.jp/institution/1004355/1004357/1004368.html,公園 > 公園（北部地域）,公園,,,,,ジャングルジム・すべり台・ブランコ・スプリング遊具・リンク遊具,,,,,,,,江戸川台駅,11,,令和2年1月31日,,,2026-09-23
江戸川台5号緑地,35.895961,139.911334,公園,市が管理する公園です。江戸川台駅から徒歩1分。,https://www.city.nagareyama.chiba.jp/institution/1004355/1004357/1004456.html,流山市 施設案内,https://www.city.nagareyama.chiba.jp/institution/1004355/1004357/1004456.html,公園 > 公園（北部地域）,公園,,,,,,,,,,,,,江戸川台駅,1,,令和3年8月13日,,,2026-09-23
江戸川台6号公園,35.899298,139.911852,公園,市が管理する公園です。江戸川台駅から徒歩3分。,https://www.city.nagareyama.chiba.jp/institution/1004355/1004357/1004369.html,流山市 施設案内,https://www.city.nagareyama.chiba.jp/institution/1004355/1004357/1004369.html,公園 > 公園（北部地域）,公園,,,,,,,,,,,,,江戸川台駅,3,,令和2年1月31日,,,2026-09-23
江戸川台6号緑地,35.895919,139.911059,公園,市が管理する公園です。江戸川台駅から徒歩2分。,https://www.city.nagareyama.chiba.jp/institution/1004355/1004357/1004457.html,流山市 施設案内,https://www.city.nagareyama.chiba.jp/institution/1004355/1004357/1004457.html,公園 > 公園（北部地域）,公園,,,,,,,,,,,,,江戸川台駅,2,,令和3年8月13日,,,2026-09-23
江戸川台7号公園,35.903253,139.912171,公園,すべり台・ブランコ・シーソー・トレーナージムのある公園です。トイレがあります。江戸川台駅から徒歩9分。,https://www.city.nagareyama.chiba.jp/institution/1004355/1004357/1004370.html,流山市 施設案内,https://www.city.nagareyama.chiba.jp/institution/1004355/1004357/1004370.html,公園 > 公園（北部地域）,公園,,,,,すべり台・ブランコ・シーソー・トレーナージム,1,,,,,,,江戸川台駅,9,,令和2年1月31日,,,2026-09-23
江戸川台8号公園,35.89932,139.9137,公園,市が管理する公園です。江戸川台駅から徒歩5分。,https://www.city.nagareyama.chiba.jp/institution/1004355/1004357/1004371.html,流山市 施設案内,https://www.city.nagareyama.chiba.jp/institution/1004355/1004357/1004371.html,公園 > 公園（北部地域）,公園,,,,,,,,,,,,,江戸川台駅,5,,令和2年1月31日,,,2026-09-23
江戸川台8号緑地,35.893754,139.908297,公園,市が管理する公園です。江戸川台駅から徒歩6分。,https://www.city.nagareyama.chiba.jp/institution/1004355/1004357/1004458.html,流山市 施設案内,https://www.city.nagareyama.chiba.jp/institution/1004355/1004357/1004458.html,公園 > 公園（北部地域）,公園,,,,,,,,,,,,,江戸川台駅,6,,令和3年8月13日,,,2026-09-23
江戸川台9号公園,35.900882,139.915402,公園,すべり台・ブランコ・鉄棒のある公園です。江戸川台駅から徒歩9分。,https://www.city.nagareyama.chiba.jp/institution/1004355/1004357/1004372.html,流山市 施設案内,https://www.city.nagareyama.chiba.jp/institution/1004355/1004357/1004372.html,公園 > 公園（北部地域）,公園,,,,,すべり台・ブランコ・鉄棒,,,,,,,,江戸川台駅,9,,令和2年1月31日,,,2026-09-23
江戸川台9号緑地,35.896935,139.909653,公園,市が管理する公園です。江戸川台駅から徒歩1分。,https://www.city.nagareyama.chiba.jp/institution/1004355/1004357/1004459.html,流山市 施設案内,https://www.city.nagareyama.chiba.jp/institution/1004355/1004357/1004459.html,公園 > 公園（北部地域）,公園,,,,,,,,,,,,,江戸川台駅,1,,令和3年8月16日,,,2026-09-23
江戸川台四季の邸苑緑地,35.907436,139.911932,公園,市が管理する公園です。運河駅から徒歩16分。,https://www.city.nagareyama.chiba.jp/institution/1004355/1004357/1027595.html,流山市 施設案内,https://www.city.nagareyama.chiba.jp/institution/1004355/1004357/1027595.html,公園 > 公園（北部地域）,公園,,,,,,,,,,,,,運河駅,16,,令和2年8月14日,,,2026-09-23
江戸川台駅前緑地,35.89802,139.910614,公園,市が管理する公園です。,https://www.city.nagareyama.chiba.jp/institution/1004355/1004357/1004473.html,流山市 施設案内,https://www.city.nagareyama.chiba.jp/institution/1004355/1004357/1004473.html,公園 > 公園（北部地域）,公園,,,,,,,,,,,,,,,,平成29年9月15日,,,2026-09-23
江戸川河川敷緑地,35.843363,139.891411,公園,市が管理する公園です。三郷駅から徒歩15分。,https://www.city.nagareyama.chiba.jp/institution/1004355/1004646/1004700.html,流山市 施設案内,https://www.city.nagareyama.chiba.jp/institution/1004355/1004646/1004700.html,公園 > 公園（南部地域）,公園,,,,,,,,,,,,,三郷駅,15,,令和3年4月21日,,,2026-09-23
流山1号公園,35.854315,139.900558,公園,すべり台・ブランコ・ジャングルジム・鉄棒のある公園です。流山駅から徒歩3分。,https://www.city.nagareyama.chiba.jp/institution/1004355/1004646/1004663.html,流山市 施設案内,https://www.city.nagareyama.chiba.jp/institution/1004355/1004646/1004663.html,公園 > 公園（南部地域）,公園,,,,,すべり台・ブランコ・ジャングルジム・鉄棒,,,,,,,,流山駅,3,,令和2年8月18日,,,2026-09-23
流山1号緑地,35.850693,139.900374,公園,市が管理する公園です。平和台駅から徒歩1分。,https://www.city.nagareyama.chiba.jp/institution/1004355/1004646/1004702.html,流山市 施設案内,https://www.city.nagareyama.chiba.jp/institution/1004355/1004646/1004702.html,公園 > 公園（南部地域）,公園,,,,,,,,,,,,,平和台駅,1,,令和2年8月18日,,,2026-09-23
流山2号公園,35.851593,139.900592,公園,すべり台・ブランコ・鉄棒のある公園です。平和台駅から徒歩2分。,https://www.city.nagareyama.chiba.jp/institution/1004355/1004646/1004664.html,流山市 施設案内,https://www.city.nagareyama.chiba.jp/institution/1004355/1004646/1004664.html,公園 > 公園（南部地域）,公園,,,,,すべり台・ブランコ・鉄棒,,,,,,,,平和台駅,2,,令和2年8月18日,,,2026-09-23
流山3号公園,35.850862,139.898028,公園,すべり台・シーソー・鉄棒のある公園です。トイレがあります。平和台駅から徒歩4分。,https://www.city.nagareyama.chiba.jp/institution/1004355/1004646/1004665.html,流山市 施設案内,https://www.city.nagareyama.chiba.jp/institution/1004355/1004646/1004665.html,公園 > 公園（南部地域）,公園,,,,,すべり台・シーソー・鉄棒,1,,,,,,,平和台駅,4,,令和2年8月18日,,,2026-09-23
流山4号公園,35.847423,139.897304,公園,ブランコのある公園です。平和台駅から徒歩9分。,https://www.city.nagareyama.chiba.jp/institution/1004355/1004646/1004666.html,流山市 施設案内,https://www.city.nagareyama.chiba.jp/institution/1004355/1004646/1004666.html,公園 > 公園（南部地域）,公園,,,,,ブランコ,,,,,,,,平和台駅,9,,令和2年8月18日,,,2026-09-23
流山5号公園,35.848601,139.896111,公園,市が管理する公園です。平和台駅から徒歩7分。,https://www.city.nagareyama.chiba.jp/institution/1004355/1004646/1004667.html,流山市 施設案内,https://www.city.nagareyama.chiba.jp/institution/1004355/1004646/1004667.html,公園 > 公園（南部地域）,公園,,,,,,,,,,,,,平和台駅,7,,令和2年8月18日,,,2026-09-23
流山市総合運動公園,35.858031,139.9193,公園,複合遊具・インクルーシブ遊具・ターザンロープ・ブランコのある公園です。広さは約17.9ヘクタール。トイレがあります。多目的トイレがあります。流山セントラルパーク駅から徒歩7分。,https://www.shisetsu-tds.jp/chiba-nagareyama-centralpark/,流山セントラルパーク（流山市総合運動公園）,https://www.city.nagareyama.chiba.jp/institution/1004355/1004479/1004480.html,公園 > 公園（東部地域）,公園,04-7159-1212（キッコーマンアリーナ）,,,,複合遊具・インクルーシブ遊具・ターザンロープ・ブランコ・すべり台,1,約17.9ヘクタール,,1,,,多目的トイレ・車いす用トイレ・駐車場,流山セントラルパーク駅,7,,令和8年4月9日,,,2026-09-23
流山３丁目休憩施設,35.853371,139.896864,公園,市が管理する公園です。トイレがあります。多目的トイレがあります。,https://www.city.nagareyama.chiba.jp/institution/1004355/1004646/1004715.html,流山市 施設案内,https://www.city.nagareyama.chiba.jp/institution/1004355/1004646/1004715.html,公園 > 公園（南部地域）,公園,,,,,,1,,,1,,,多目的トイレ,,,,平成29年9月15日,,,2026-09-23
美原1号公園,35.900321,139.903831,公園,すべり台・ブランコ・シーソー・鉄棒のある公園です。トイレがあります。江戸川台駅から徒歩9分。,https://www.city.nagareyama.chiba.jp/institution/1004355/1004357/1004448.html,流山市 施設案内,https://www.city.nagareyama.chiba.jp/institution/1004355/1004357/1004448.html,公園 > 公園（北部地域）,公園,,,,,すべり台・ブランコ・シーソー・鉄棒,1,,,,,,,江戸川台駅,9,,令和3年8月13日,,,2026-09-23
美原2号公園,35.89825,139.904251,公園,市が管理する公園です。江戸川台駅から徒歩8分。,https://www.city.nagareyama.chiba.jp/institution/1004355/1004357/1004449.html,流山市 施設案内,https://www.city.nagareyama.chiba.jp/institution/1004355/1004357/1004449.html,公園 > 公園（北部地域）,公園,,,,,,,,,,,,,江戸川台駅,8,,令和3年8月13日,,,2026-09-23
美原3号公園,35.898313,139.905411,公園,スプリング遊具のある公園です。江戸川台駅から徒歩7分。,https://www.city.nagareyama.chiba.jp/institution/1004355/1004357/1004450.html,流山市 施設案内,https://www.city.nagareyama.chiba.jp/institution/1004355/1004357/1004450.html,公園 > 公園（北部地域）,公園,,,,,スプリング遊具,,,,,,,,江戸川台駅,7,,令和3年8月13日,,,2026-09-23
美原4号公園,35.900932,139.90568,公園,スイング遊具のある公園です。江戸川台駅から徒歩8分。,https://www.city.nagareyama.chiba.jp/institution/1004355/1004357/1033099.html,流山市 施設案内,https://www.city.nagareyama.chiba.jp/institution/1004355/1004357/1033099.html,公園 > 公園（北部地域）,公園,,,,,スイング遊具,,,,,,,,江戸川台駅,8,,令和3年12月22日,,,2026-09-23
美和1号公園,35.863716,139.905894,公園,すべり台・ブランコ・シーソー・鉄棒のある公園です。流山駅から徒歩14分。,https://www.city.nagareyama.chiba.jp/institution/1004355/1004646/1004648.html,流山市 施設案内,https://www.city.nagareyama.chiba.jp/institution/1004355/1004646/1004648.html,公園 > 公園（南部地域）,公園,,,,,すべり台・ブランコ・シーソー・鉄棒,,,,,,,,流山駅,14,,令和3年8月13日,,,2026-09-23
美和1号緑地,35.867662,139.903924,公園,市が管理する公園です。流山駅から徒歩16分。,https://www.city.nagareyama.chiba.jp/institution/1004355/1004646/1004704.html,流山市 施設案内,https://www.city.nagareyama.chiba.jp/institution/1004355/1004646/1004704.html,公園 > 公園（南部地域）,公園,,,,,,,,,,,,,流山駅,16,,令和2年8月18日,,,2026-09-23
美和2号公園,35.867113,139.903921,公園,すべり台・ブランコ・鉄棒のある公園です。流山駅から徒歩17分。,https://www.city.nagareyama.chiba.jp/institution/1004355/1004646/1004649.html,流山市 施設案内,https://www.city.nagareyama.chiba.jp/institution/1004355/1004646/1004649.html,公園 > 公園（南部地域）,公園,,,,,すべり台・ブランコ・鉄棒,,,,,,,,流山駅,17,,令和2年8月18日,,,2026-09-23
美和2号緑地,35.866803,139.905541,公園,市が管理する公園です。流山駅から徒歩18分。,https://www.city.nagareyama.chiba.jp/institution/1004355/1004646/1004705.html,流山市 施設案内,https://www.city.nagareyama.chiba.jp/institution/1004355/1004646/1004705.html,公園 > 公園（南部地域）,公園,,,,,,,,,,,,,流山駅,18,,令和2年8月18日,,,2026-09-23
美和3号公園,35.862947,139.909033,公園,すべり台・シーソー・鉄棒のある公園です。流山駅から徒歩17分。,https://www.city.nagareyama.chiba.jp/institution/1004355/1004646/1004650.html,流山市 施設案内,https://www.city.nagareyama.chiba.jp/institution/1004355/1004646/1004650.html,公園 > 公園（南部地域）,公園,,,,,すべり台・シーソー・鉄棒,,,,,,,,流山駅,17,,令和2年8月18日,,,2026-09-23
美和4号公園,35.863172,139.907352,公園,太鼓橋のある公園です。流山駅から徒歩16分。,https://www.city.nagareyama.chiba.jp/institution/1004355/1004646/1004651.html,流山市 施設案内,https://www.city.nagareyama.chiba.jp/institution/1004355/1004646/1004651.html,公園 > 公園（南部地域）,公園,,,,,太鼓橋,,,,,,,,流山駅,16,,令和2年8月18日,,,2026-09-23
美和5号公園,35.86349,139.908814,公園,リンク遊具のある公園です。,https://www.city.nagareyama.chiba.jp/institution/1004355/1004556/1004567.html,流山市 施設案内,https://www.city.nagareyama.chiba.jp/institution/1004355/1004556/1004567.html,公園 > 公園（中部地域）,公園,,,,,リンク遊具,,,,,,,,,,,平成27年6月29日,,,2026-09-23
美田1号公園,35.886386,139.931229,公園,すべり台・ブランコ・ジャングルジム・鉄棒のある公園です。,https://www.city.nagareyama.chiba.jp/institution/1004355/1004556/1004575.html,流山市 施設案内,https://www.city.nagareyama.chiba.jp/institution/1004355/1004556/1004575.html,公園 > 公園（中部地域）,公園,,,,,すべり台・ブランコ・ジャングルジム・鉄棒,,,,,,,,,,,平成29年9月15日,,,2026-09-23
美田1号緑地,35.882389,139.929174,公園,市が管理する公園です。,https://www.city.nagareyama.chiba.jp/institution/1004355/1004556/1004632.html,流山市 施設案内,https://www.city.nagareyama.chiba.jp/institution/1004355/1004556/1004632.html,公園 > 公園（中部地域）,公園,,,,,,,,,,,,,,,,平成29年9月15日,,,2026-09-23
美田2号公園,35.883605,139.929529,公園,すべり台・ブランコ・シーソー・回転系カップのある公園です。,https://www.city.nagareyama.chiba.jp/institution/1004355/1004556/1004576.html,流山市 施設案内,https://www.city.nagareyama.chiba.jp/institution/1004355/1004556/1004576.html,公園 > 公園（中部地域）,公園,,,,,すべり台・ブランコ・シーソー・回転系カップ,,,,,,,,,,,平成29年9月15日,,,2026-09-23
美田3号公園,35.886117,139.932034,公園,すべり台・ブランコのある公園です。,https://www.city.nagareyama.chiba.jp/institution/1004355/1004556/1004577.html,流山市 施設案内,https://www.city.nagareyama.chiba.jp/institution/1004355/1004556/1004577.html,公園 > 公園（中部地域）,公園,,,,,すべり台・ブランコ,,,,,,,,,,,平成29年9月15日,,,2026-09-23
芝崎小鳥の森,35.851338,139.921375,公園,市が管理する公園です。,https://www.city.nagareyama.chiba.jp/institution/1004355/1004479/1004549.html,流山市 施設案内,https://www.city.nagareyama.chiba.jp/institution/1004355/1004479/1004549.html,公園 > 公園（東部地域）,公園,,,,,,,,,,,,,,,,平成29年9月15日,,,2026-09-23
若葉1号緑地,35.883391,139.908028,公園,すべり台・シーソーのある公園です。,https://www.city.nagareyama.chiba.jp/institution/1004355/1004556/1004633.html,流山市 施設案内,https://www.city.nagareyama.chiba.jp/institution/1004355/1004556/1004633.html,公園 > 公園（中部地域）,公園,,,,,すべり台・シーソー,,,,,,,,,,,平成29年9月15日,,,2026-09-23
若葉2号緑地,35.884065,139.908473,公園,市が管理する公園です。,https://www.city.nagareyama.chiba.jp/institution/1004355/1004556/1004634.html,流山市 施設案内,https://www.city.nagareyama.chiba.jp/institution/1004355/1004556/1004634.html,公園 > 公園（中部地域）,公園,,,,,,,,,,,,,,,,平成29年9月15日,,,2026-09-23
若葉台1号公園,35.882372,139.909679,公園,ジャングルジム・リンク遊具・太鼓橋のある公園です。初石駅から徒歩10分。,https://www.city.nagareyama.chiba.jp/institution/1004355/1004556/1004560.html,流山市 施設案内,https://www.city.nagareyama.chiba.jp/institution/1004355/1004556/1004560.html,公園 > 公園（中部地域）,公園,,,,,ジャングルジム・リンク遊具・太鼓橋,,,,,,,,初石駅,10,,令和2年2月3日,,,2026-09-23
若葉台2号公園,35.881005,139.907307,公園,市が管理する公園です。初石駅から徒歩13分。,https://www.city.nagareyama.chiba.jp/institution/1004355/1004556/1004561.html,流山市 施設案内,https://www.city.nagareyama.chiba.jp/institution/1004355/1004556/1004561.html,公園 > 公園（中部地域）,公園,,,,,,,,,,,,,初石駅,13,,令和2年2月3日,,,2026-09-23
若葉台3号公園,35.880003,139.909108,公園,ブランコのある公園です。初石駅から徒歩13分。,https://www.city.nagareyama.chiba.jp/institution/1004355/1004556/1004562.html,流山市 施設案内,https://www.city.nagareyama.chiba.jp/institution/1004355/1004556/1004562.html,公園 > 公園（中部地域）,公園,,,,,ブランコ,,,,,,,,初石駅,13,,令和2年2月3日,,,2026-09-23
若葉台4号公園,35.883627,139.911031,公園,市が管理する公園です。初石駅から徒歩8分。,https://www.city.nagareyama.chiba.jp/institution/1004355/1004556/1004563.html,流山市 施設案内,https://www.city.nagareyama.chiba.jp/institution/1004355/1004556/1004563.html,公園 > 公園（中部地域）,公園,,,,,,,,,,,,,初石駅,8,,令和2年2月3日,,,2026-09-23
西初石ふれあいの森,35.880049,139.918187,公園,市が管理する公園です。,https://www.city.nagareyama.chiba.jp/institution/1004355/1004556/1004643.html,流山市 施設案内,https://www.city.nagareyama.chiba.jp/institution/1004355/1004556/1004643.html,公園 > 公園（中部地域）,公園,,,,,,,,,,,,,,,,平成29年9月15日,,,2026-09-23
西初石小鳥の森,35.878752,139.912533,公園,市が管理する公園です。広さは約0.8ヘクタール。,https://www.city.nagareyama.chiba.jp/institution/1004355/1004556/1004557.html,流山市 施設案内,https://www.city.nagareyama.chiba.jp/institution/1004355/1004556/1004557.html,公園 > 公園（中部地域）,公園,,,,,,,約0.8ヘクタール,,,,,,,,,平成29年9月15日,,,2026-09-23
西初石近隣公園,35.868942,139.924578,公園,市が管理する公園です。流山おおたかの森駅から徒歩8分。,https://www.city.nagareyama.chiba.jp/institution/1004355/1004556/1004559.html,流山市 施設案内,https://www.city.nagareyama.chiba.jp/institution/1004355/1004556/1004559.html,公園 > 公園（中部地域）,公園,,,,,,,,,,,,,流山おおたかの森駅,8,,令和3年11月16日,,,2026-09-23
西平井1号公園,35.850167,139.902474,公園,すべり台・ブランコのある公園です。平和台駅から徒歩4分。,https://www.city.nagareyama.chiba.jp/institution/1004355/1004646/1004685.html,流山市 施設案内,https://www.city.nagareyama.chiba.jp/institution/1004355/1004646/1004685.html,公園 > 公園（南部地域）,公園,,,,,すべり台・ブランコ,,,,,,,,平和台駅,4,,令和2年8月18日,,,2026-09-23
西平井2号公園,35.849409,139.902464,公園,市が管理する公園です。平和台駅から徒歩3分。,https://www.city.nagareyama.chiba.jp/institution/1004355/1004646/1004686.html,流山市 施設案内,https://www.city.nagareyama.chiba.jp/institution/1004355/1004646/1004686.html,公園 > 公園（南部地域）,公園,,,,,,,,,,,,,平和台駅,3,,令和2年8月18日,,,2026-09-23
西平井3号公園,35.849521,139.901365,公園,市が管理する公園です。平和台駅から徒歩2分。,https://www.city.nagareyama.chiba.jp/institution/1004355/1004646/1004687.html,流山市 施設案内,https://www.city.nagareyama.chiba.jp/institution/1004355/1004646/1004687.html,公園 > 公園（南部地域）,公園,,,,,,,,,,,,,平和台駅,2,,令和2年8月18日,,,2026-09-23
西平井4号公園,35.85009,139.908442,公園,スプリング遊具・鉄棒・複合遊具のある公園です。平和台駅から徒歩10分。,https://www.city.nagareyama.chiba.jp/institution/1004355/1004646/1027555.html,流山市 施設案内,https://www.city.nagareyama.chiba.jp/institution/1004355/1004646/1027555.html,公園 > 公園（南部地域）,公園,,,,,スプリング遊具・鉄棒・複合遊具,,,,,,,,平和台駅,10,,令和3年8月13日,,,2026-09-23
西平井5号公園,35.847521,139.902887,公園,スプリング遊具のある公園です。平和台駅から徒歩7分。,https://www.city.nagareyama.chiba.jp/institution/1004355/1004646/1004688.html,流山市 施設案内,https://www.city.nagareyama.chiba.jp/institution/1004355/1004646/1004688.html,公園 > 公園（南部地域）,公園,,,,,スプリング遊具,,,,,,,,平和台駅,7,,令和2年8月18日,,,2026-09-23
西平井6号公園,35.848418,139.905092,公園,複合遊具のある公園です。平和台駅から徒歩8分。,https://www.city.nagareyama.chiba.jp/institution/1004355/1004646/1004689.html,流山市 施設案内,https://www.city.nagareyama.chiba.jp/institution/1004355/1004646/1004689.html,公園 > 公園（南部地域）,公園,,,,,複合遊具,,,,,,,,平和台駅,8,,令和2年8月18日,,,2026-09-23
西平井緑道,35.847688,139.904885,公園,市が管理する公園です。,https://www.city.nagareyama.chiba.jp/institution/1004355/1004646/1004713.html,流山市 施設案内,https://www.city.nagareyama.chiba.jp/institution/1004355/1004646/1004713.html,公園 > 公園（南部地域）,公園,,,,,,,,,,,,,,,,平成29年9月15日,,,2026-09-23
西深井1号公園,35.9178,139.90237,公園,ジャングルジムのある公園です。運河駅から徒歩9分。,https://www.city.nagareyama.chiba.jp/institution/1004355/1004357/1004452.html,流山市 施設案内,https://www.city.nagareyama.chiba.jp/institution/1004355/1004357/1004452.html,公園 > 公園（北部地域）,公園,,,,,ジャングルジム,,,,,,,,運河駅,9,,令和4年9月22日,,,2026-09-23
西深井散策の森,35.913882,139.901459,公園,市が管理する公園です。,https://www.city.nagareyama.chiba.jp/institution/1004355/1004357/1004476.html,流山市 施設案内,https://www.city.nagareyama.chiba.jp/institution/1004355/1004357/1004476.html,公園 > 公園（北部地域）,公園,,,,,,,,,,,,,,,,平成29年9月15日,,,2026-09-23
赤城山公園,35.848028,139.895634,公園,すべり台・ブランコ・鉄棒のある公園です。トイレがあります。平和台駅から徒歩10分。,https://www.city.nagareyama.chiba.jp/institution/1004355/1004646/1004668.html,流山市 施設案内,https://www.city.nagareyama.chiba.jp/institution/1004355/1004646/1004668.html,公園 > 公園（南部地域）,公園,,,,,すべり台・ブランコ・鉄棒,1,,,,,,,平和台駅,10,,令和2年8月18日,,,2026-09-23
運河台緑地,35.915827,139.907556,公園,市が管理する公園です。,https://www.city.nagareyama.chiba.jp/institution/1004355/1004357/1004465.html,流山市 施設案内,https://www.city.nagareyama.chiba.jp/institution/1004355/1004357/1004465.html,公園 > 公園（北部地域）,公園,,,,,,,,,,,,,,,,平成29年9月15日,,,2026-09-23
運河散策の森,35.914554,139.913518,公園,市が管理する公園です。,https://www.city.nagareyama.chiba.jp/institution/1004355/1004357/1004477.html,流山市 施設案内,https://www.city.nagareyama.chiba.jp/institution/1004355/1004357/1004477.html,公園 > 公園（北部地域）,公園,,,,,,,,,,,,,,,,平成29年9月15日,,,2026-09-23
運河水辺公園,35.91585,139.903778,公園,明治23年に開通した利根運河ぞいの約2.4ヘクタールの公園。浮き桟橋と、運河を設計したオランダ人技師ムルデルの石碑があります。すべり台が1基、トイレあり。,https://www.city.nagareyama.chiba.jp/institution/1004355/1004357/1004358.html,流山市 施設案内,https://www.city.nagareyama.chiba.jp/institution/1004355/1004357/1004358.html,公園 > 公園（北部地域）,公園,,,,,すべり台,1,約2.4ヘクタール,,,,,,運河駅,6,,令和2年8月14日,,,2026-09-23
運河河口公園,35.909151,139.879264,公園,市が管理する公園です。運河駅から徒歩33分。,https://www.city.nagareyama.chiba.jp/institution/1004355/1004357/1004451.html,流山市 施設案内,https://www.city.nagareyama.chiba.jp/institution/1004355/1004357/1004451.html,公園 > 公園（北部地域）,公園,,,,,,,,,,,,,運河駅,33,,令和3年8月13日,,,2026-09-23
運河緑道,35.914149,139.890308,公園,市が管理する公園です。,https://www.city.nagareyama.chiba.jp/institution/1004355/1004357/1004469.html,流山市 施設案内,https://www.city.nagareyama.chiba.jp/institution/1004355/1004357/1004469.html,公園 > 公園（北部地域）,公園,,,,,,,,,,,,,,,,平成29年9月15日,,,2026-09-23
野々下10号公園,35.860665,139.938404,公園,市が管理する公園です。,https://www.city.nagareyama.chiba.jp/institution/1004355/1004479/1004541.html,流山市 施設案内,https://www.city.nagareyama.chiba.jp/institution/1004355/1004479/1004541.html,公園 > 公園（東部地域）,公園,,,,,,,,,,,,,,,,平成29年9月15日,,,2026-09-23
野々下11号公園,35.859042,139.938503,公園,スプリング遊具のある公園です。,https://www.city.nagareyama.chiba.jp/institution/1004355/1004479/1004542.html,流山市 施設案内,https://www.city.nagareyama.chiba.jp/institution/1004355/1004479/1004542.html,公園 > 公園（東部地域）,公園,,,,,スプリング遊具,,,,,,,,,,,平成29年9月15日,,,2026-09-23
野々下12号公園,35.859182,139.940184,公園,複合遊具・リンク遊具・鉄棒のある公園です。,https://www.city.nagareyama.chiba.jp/institution/1004355/1004479/1004543.html,流山市 施設案内,https://www.city.nagareyama.chiba.jp/institution/1004355/1004479/1004543.html,公園 > 公園（東部地域）,公園,,,,,複合遊具・リンク遊具・鉄棒,,,,,,,,,,,平成29年9月15日,,,2026-09-23
野々下13号公園,35.862854,139.939741,公園,鉄棒のある公園です。豊四季駅から徒歩10分。,https://www.city.nagareyama.chiba.jp/institution/1004355/1004479/1027548.html,流山市 施設案内,https://www.city.nagareyama.chiba.jp/institution/1004355/1004479/1027548.html,公園 > 公園（東部地域）,公園,,,,,鉄棒,,,,,,,,豊四季駅,10,,令和3年8月13日,,,2026-09-23
野々下1号公園,35.859993,139.94422,公園,すべり台・ブランコ・シーソー・スプリング遊具のある公園です。,https://www.city.nagareyama.chiba.jp/institution/1004355/1004479/1004532.html,流山市 施設案内,https://www.city.nagareyama.chiba.jp/institution/1004355/1004479/1004532.html,公園 > 公園（東部地域）,公園,,,,,すべり台・ブランコ・シーソー・スプリング遊具・鉄棒,,,,,,,,,,,平成29年9月15日,,,2026-09-23
野々下2号公園,35.864301,139.937951,公園,すべり台のある公園です。,https://www.city.nagareyama.chiba.jp/institution/1004355/1004479/1004533.html,流山市 施設案内,https://www.city.nagareyama.chiba.jp/institution/1004355/1004479/1004533.html,公園 > 公園（東部地域）,公園,,,,,すべり台,,,,,,,,,,,平成29年9月15日,,,2026-09-23
野々下3号公園,35.858539,139.946695,公園,シーソーのある公園です。,https://www.city.nagareyama.chiba.jp/institution/1004355/1004479/1004534.html,流山市 施設案内,https://www.city.nagareyama.chiba.jp/institution/1004355/1004479/1004534.html,公園 > 公園（東部地域）,公園,,,,,シーソー,,,,,,,,,,,平成29年9月15日,,,2026-09-23
野々下4号公園,35.857478,139.943938,公園,すべり台・ブランコ・鉄棒のある公園です。,https://www.city.nagareyama.chiba.jp/institution/1004355/1004479/1004535.html,流山市 施設案内,https://www.city.nagareyama.chiba.jp/institution/1004355/1004479/1004535.html,公園 > 公園（東部地域）,公園,,,,,すべり台・ブランコ・鉄棒,,,,,,,,,,,平成29年9月15日,,,2026-09-23
野々下5号公園,35.858206,139.942522,公園,シーソーのある公園です。,https://www.city.nagareyama.chiba.jp/institution/1004355/1004479/1004536.html,流山市 施設案内,https://www.city.nagareyama.chiba.jp/institution/1004355/1004479/1004536.html,公園 > 公園（東部地域）,公園,,,,,シーソー,,,,,,,,,,,平成29年9月15日,,,2026-09-23
野々下6号公園,35.862065,139.938736,公園,ブランコのある公園です。,https://www.city.nagareyama.chiba.jp/institution/1004355/1004479/1004537.html,流山市 施設案内,https://www.city.nagareyama.chiba.jp/institution/1004355/1004479/1004537.html,公園 > 公園（東部地域）,公園,,,,,ブランコ,,,,,,,,,,,平成29年9月15日,,,2026-09-23
野々下7号公園,35.863579,139.936244,公園,ブランコ・鉄棒のある公園です。,https://www.city.nagareyama.chiba.jp/institution/1004355/1004479/1004538.html,流山市 施設案内,https://www.city.nagareyama.chiba.jp/institution/1004355/1004479/1004538.html,公園 > 公園（東部地域）,公園,,,,,ブランコ・鉄棒,,,,,,,,,,,平成29年9月15日,,,2026-09-23
野々下8号公園,35.859327,139.945742,公園,すべり台・鉄棒のある公園です。,https://www.city.nagareyama.chiba.jp/institution/1004355/1004479/1004539.html,流山市 施設案内,https://www.city.nagareyama.chiba.jp/institution/1004355/1004479/1004539.html,公園 > 公園（東部地域）,公園,,,,,すべり台・鉄棒,,,,,,,,,,,平成29年9月15日,,,2026-09-23
野々下9号公園,35.864436,139.937621,公園,すべり台・ブランコのある公園です。,https://www.city.nagareyama.chiba.jp/institution/1004355/1004479/1004540.html,流山市 施設案内,https://www.city.nagareyama.chiba.jp/institution/1004355/1004479/1004540.html,公園 > 公園（東部地域）,公園,,,,,すべり台・ブランコ,,,,,,,,,,,平成29年9月15日,,,2026-09-23
野々下ふれあいの森,35.862601,139.940004,公園,市が管理する公園です。,https://www.city.nagareyama.chiba.jp/institution/1004355/1004479/1004548.html,流山市 施設案内,https://www.city.nagareyama.chiba.jp/institution/1004355/1004479/1004548.html,公園 > 公園（東部地域）,公園,,,,,,,,,,,,,,,,平成29年9月15日,,,2026-09-23
野々下水辺公園,35.857285,139.933233,公園,北千葉導水路の上につくられた、小川を再現した公園。遊具はありませんが水辺を歩けて、水路で水遊びもできます（水は川の水なので飲めません。足元が滑ります）。夏は8時から18時ごろ水が流れます。,https://www.city.nagareyama.chiba.jp/institution/1004355/1004479/005602.html,流山市 施設案内,https://www.city.nagareyama.chiba.jp/institution/1004355/1004479/005602.html,公園 > 公園（東部地域）,公園,,,,,,1,約1.1ヘクタール,,,,,,豊四季駅,20,,令和8年6月19日,,,2026-09-23
長崎ふれあいの森,35.863053,139.929766,公園,市が管理する公園です。,https://www.city.nagareyama.chiba.jp/institution/1004355/1004479/1004552.html,流山市 施設案内,https://www.city.nagareyama.chiba.jp/institution/1004355/1004479/1004552.html,公園 > 公園（東部地域）,公園,,,,,,,,,,,,,,,,平成29年9月15日,,,2026-09-23
青田1号公園,35.897675,139.924633,公園,すべり台・ブランコ・鉄棒のある公園です。江戸川台駅から徒歩19分。,https://www.city.nagareyama.chiba.jp/institution/1004355/1004556/1004564.html,流山市 施設案内,https://www.city.nagareyama.chiba.jp/institution/1004355/1004556/1004564.html,公園 > 公園（中部地域）,公園,,,,,すべり台・ブランコ・鉄棒,,,,,,,,江戸川台駅,19,,令和2年2月3日,,,2026-09-23
青田2号公園,35.897756,139.926316,公園,すべり台・ブランコのある公園です。江戸川台駅から徒歩21分。,https://www.city.nagareyama.chiba.jp/institution/1004355/1004556/1004565.html,流山市 施設案内,https://www.city.nagareyama.chiba.jp/institution/1004355/1004556/1004565.html,公園 > 公園（中部地域）,公園,,,,,すべり台・ブランコ,,,,,,,,江戸川台駅,21,,令和2年2月3日,,,2026-09-23
青田3号公園,35.898317,139.924846,公園,リンク遊具のある公園です。,https://www.city.nagareyama.chiba.jp/institution/1004355/1004556/1004566.html,流山市 施設案内,https://www.city.nagareyama.chiba.jp/institution/1004355/1004556/1004566.html,公園 > 公園（中部地域）,公園,,,,,リンク遊具,,,,,,,,,,,平成27年6月29日,,,2026-09-23
青風緑地,35.898126,139.923276,公園,すべり台・ブランコ・鉄棒のある公園です。,https://www.city.nagareyama.chiba.jp/institution/1004355/1004556/1004640.html,流山市 施設案内,https://www.city.nagareyama.chiba.jp/institution/1004355/1004556/1004640.html,公園 > 公園（中部地域）,公園,,,,,すべり台・ブランコ・鉄棒,,,,,,,,,,,平成29年9月15日,,,2026-09-23
駒木1号公園,35.884125,139.940357,公園,すべり台・ブランコのある公園です。,https://www.city.nagareyama.chiba.jp/institution/1004355/1004556/1004578.html,流山市 施設案内,https://www.city.nagareyama.chiba.jp/institution/1004355/1004556/1004578.html,公園 > 公園（中部地域）,公園,,,,,すべり台・ブランコ,,,,,,,,,,,平成29年9月15日,,,2026-09-23
駒木2号公園,35.870391,139.933784,公園,すべり台・鉄棒のある公園です。,https://www.city.nagareyama.chiba.jp/institution/1004355/1004556/1004579.html,流山市 施設案内,https://www.city.nagareyama.chiba.jp/institution/1004355/1004556/1004579.html,公園 > 公園（中部地域）,公園,,,,,すべり台・鉄棒,,,,,,,,,,,平成29年9月15日,,,2026-09-23
駒木3号公園,35.871221,139.939354,公園,すべり台・ブランコのある公園です。,https://www.city.nagareyama.chiba.jp/institution/1004355/1004556/1004580.html,流山市 施設案内,https://www.city.nagareyama.chiba.jp/institution/1004355/1004556/1004580.html,公園 > 公園（中部地域）,公園,,,,,すべり台・ブランコ,,,,,,,,,,,平成29年9月15日,,,2026-09-23
駒木4号公園,35.880832,139.938915,公園,フレンドカップのある公園です。,https://www.city.nagareyama.chiba.jp/institution/1004355/1004556/1004581.html,流山市 施設案内,https://www.city.nagareyama.chiba.jp/institution/1004355/1004556/1004581.html,公園 > 公園（中部地域）,公園,,,,,フレンドカップ,,,,,,,,,,,平成29年9月15日,,,2026-09-23
駒木5号公園,35.882672,139.931867,公園,スプリング遊具・鉄棒のある公園です。,https://www.city.nagareyama.chiba.jp/institution/1004355/1004556/1004582.html,流山市 施設案内,https://www.city.nagareyama.chiba.jp/institution/1004355/1004556/1004582.html,公園 > 公園（中部地域）,公園,,,,,スプリング遊具・鉄棒,,,,,,,,,,,平成29年9月15日,,,2026-09-23
駒木6号公園,35.874839,139.939817,公園,スプリング遊具のある公園です。,https://www.city.nagareyama.chiba.jp/institution/1004355/1004556/1004583.html,流山市 施設案内,https://www.city.nagareyama.chiba.jp/institution/1004355/1004556/1004583.html,公園 > 公園（中部地域）,公園,,,,,スプリング遊具,,,,,,,,,,,平成29年9月15日,,,2026-09-23
駒木7号公園,35.879745,139.934798,公園,スプリング遊具のある公園です。,https://www.city.nagareyama.chiba.jp/institution/1004355/1004556/1004584.html,流山市 施設案内,https://www.city.nagareyama.chiba.jp/institution/1004355/1004556/1004584.html,公園 > 公園（中部地域）,公園,,,,,スプリング遊具,,,,,,,,,,,平成29年9月15日,,,2026-09-23
駒木8号公園,35.880414,139.935105,公園,鉄棒・複合遊具のある公園です。流山おおたかの森駅から徒歩21分。,https://www.city.nagareyama.chiba.jp/institution/1004355/1004556/1027565.html,流山市 施設案内,https://www.city.nagareyama.chiba.jp/institution/1004355/1004556/1027565.html,公園 > 公園（中部地域）,公園,,,,,鉄棒・複合遊具,,,,,,,,流山おおたかの森駅,21,,令和4年12月28日,,,2026-09-23
駒木ふるさとの森,35.883104,139.932206,公園,市が管理する公園です。,https://www.city.nagareyama.chiba.jp/institution/1004355/1004556/1004644.html,流山市 施設案内,https://www.city.nagareyama.chiba.jp/institution/1004355/1004556/1004644.html,公園 > 公園（中部地域）,公園,,,,,,,,,,,,,,,,平成29年9月15日,,,2026-09-23
駒木台1号公園,35.893967,139.928439,公園,市が管理する公園です。,https://www.city.nagareyama.chiba.jp/institution/1004355/1004556/1004569.html,流山市 施設案内,https://www.city.nagareyama.chiba.jp/institution/1004355/1004556/1004569.html,公園 > 公園（中部地域）,公園,,,,,,,,,,,,,,,,平成29年9月15日,,,2026-09-23
駒木台2号公園,35.895031,139.929779,公園,すべり台・ブランコ・ロープウェイ・鉄棒のある公園です。,https://www.city.nagareyama.chiba.jp/institution/1004355/1004556/1004570.html,流山市 施設案内,https://www.city.nagareyama.chiba.jp/institution/1004355/1004556/1004570.html,公園 > 公園（中部地域）,公園,,,,,すべり台・ブランコ・ロープウェイ・鉄棒,,,,,,,,,,,平成29年9月15日,,,2026-09-23
駒木台3号公園,35.894566,139.924134,公園,すべり台・ブランコ・鉄棒のある公園です。江戸川台駅から徒歩20分。,https://www.city.nagareyama.chiba.jp/institution/1004355/1004556/1004571.html,流山市 施設案内,https://www.city.nagareyama.chiba.jp/institution/1004355/1004556/1004571.html,公園 > 公園（中部地域）,公園,,,,,すべり台・ブランコ・鉄棒,,,,,,,,江戸川台駅,20,,令和4年4月11日,,,2026-09-23
駒木台4号公園,35.896922,139.922586,公園,ブランコのある公園です。,https://www.city.nagareyama.chiba.jp/institution/1004355/1004556/1004572.html,流山市 施設案内,https://www.city.nagareyama.chiba.jp/institution/1004355/1004556/1004572.html,公園 > 公園（中部地域）,公園,,,,,ブランコ,,,,,,,,,,,平成29年9月15日,,,2026-09-23
駒木台5号公園,35.895507,139.924281,公園,スプリング遊具のある公園です。,https://www.city.nagareyama.chiba.jp/institution/1004355/1004556/1004573.html,流山市 施設案内,https://www.city.nagareyama.chiba.jp/institution/1004355/1004556/1004573.html,公園 > 公園（中部地域）,公園,,,,,スプリング遊具,,,,,,,,,,,平成29年9月15日,,,2026-09-23
駒木弐番割緑地,35.881343,139.939129,公園,市が管理する公園です。,https://www.city.nagareyama.chiba.jp/institution/1004355/1004556/1004641.html,流山市 施設案内,https://www.city.nagareyama.chiba.jp/institution/1004355/1004556/1004641.html,公園 > 公園（中部地域）,公園,,,,,,,,,,,,,,,,平成29年9月15日,,,2026-09-23
鰭ケ崎1号公園,35.839617,139.913831,公園,すべり台・ブランコ・うんてい・スプリング遊具のある公園です。鰭ケ崎駅から徒歩7分。,https://www.city.nagareyama.chiba.jp/institution/1004355/1004646/1004679.html,流山市 施設案内,https://www.city.nagareyama.chiba.jp/institution/1004355/1004646/1004679.html,公園 > 公園（南部地域）,公園,,,,,すべり台・ブランコ・うんてい・スプリング遊具・鉄棒,,,,,,,,鰭ケ崎駅,7,,令和2年8月18日,,,2026-09-23
鰭ケ崎1号緑地,35.838574,139.914287,公園,市が管理する公園です。鰭ケ崎駅から徒歩5分。,https://www.city.nagareyama.chiba.jp/institution/1004355/1004646/1004703.html,流山市 施設案内,https://www.city.nagareyama.chiba.jp/institution/1004355/1004646/1004703.html,公園 > 公園（南部地域）,公園,,,,,,,,,,,,,鰭ケ崎駅,5,,令和2年8月18日,,,2026-09-23
鰭ケ崎2号公園,35.841454,139.913942,公園,市が管理する公園です。鰭ケ崎駅から徒歩7分。,https://www.city.nagareyama.chiba.jp/institution/1004355/1004646/1004680.html,流山市 施設案内,https://www.city.nagareyama.chiba.jp/institution/1004355/1004646/1004680.html,公園 > 公園（南部地域）,公園,,,,,,,,,,,,,鰭ケ崎駅,7,,令和2年8月18日,,,2026-09-23
鰭ケ崎2号緑地,35.844593,139.908194,公園,市が管理する公園です。鰭ケ崎駅から徒歩11分。,https://www.city.nagareyama.chiba.jp/institution/1004355/1004646/1027551.html,流山市 施設案内,https://www.city.nagareyama.chiba.jp/institution/1004355/1004646/1027551.html,公園 > 公園（南部地域）,公園,,,,,,,,,,,,,鰭ケ崎駅,11,,令和2年8月13日,,,2026-09-23
鰭ケ崎3号公園,35.84519,139.90859,公園,スプリング遊具・ブランコ・すべり台のある公園です。平和台駅から徒歩14分。,https://www.city.nagareyama.chiba.jp/institution/1004355/1004646/1027562.html,流山市 施設案内,https://www.city.nagareyama.chiba.jp/institution/1004355/1004646/1027562.html,公園 > 公園（南部地域）,公園,,,,,スプリング遊具・ブランコ・すべり台,,,,,,,,平和台駅,14,,令和3年8月13日,,,2026-09-23
鰭ケ崎3号緑地,35.846564,139.910057,公園,市が管理する公園です。鰭ケ崎駅から徒歩15分。,https://www.city.nagareyama.chiba.jp/institution/1004355/1004646/1027560.html,流山市 施設案内,https://www.city.nagareyama.chiba.jp/institution/1004355/1004646/1027560.html,公園 > 公園（南部地域）,公園,,,,,,,,,,,,,鰭ケ崎駅,15,,令和2年8月13日,,,2026-09-23
鰭ケ崎4号公園,35.843629,139.910841,公園,複合遊具のある公園です。鰭ケ崎駅から徒歩7分。,https://www.city.nagareyama.chiba.jp/institution/1004355/1004646/1027572.html,流山市 施設案内,https://www.city.nagareyama.chiba.jp/institution/1004355/1004646/1027572.html,公園 > 公園（南部地域）,公園,,,,,複合遊具,,,,,,,,鰭ケ崎駅,7,,令和3年8月13日,,,2026-09-23
鰭ケ崎4号緑地,35.846781,139.910357,公園,市が管理する公園です。鰭ケ崎駅から徒歩11分。,https://www.city.nagareyama.chiba.jp/institution/1004355/1004646/1027558.html,流山市 施設案内,https://www.city.nagareyama.chiba.jp/institution/1004355/1004646/1027558.html,公園 > 公園（南部地域）,公園,,,,,,,,,,,,,鰭ケ崎駅,11,,令和2年8月13日,,,2026-09-23
鰭ケ崎7号緑地,35.844639,139.910824,公園,市が管理する公園です。鰭ケ崎駅から徒歩12分。,https://www.city.nagareyama.chiba.jp/institution/1004355/1004646/1033117.html,流山市 施設案内,https://www.city.nagareyama.chiba.jp/institution/1004355/1004646/1033117.html,公園 > 公園（南部地域）,公園,,,,,,,,,,,,,鰭ケ崎駅,12,,令和3年12月23日,,,2026-09-23
鰭ケ崎8号緑地,35.843529,139.909915,公園,市が管理する公園です。鰭ケ崎駅から徒歩9分。,https://www.city.nagareyama.chiba.jp/institution/1004355/1004646/1033118.html,流山市 施設案内,https://www.city.nagareyama.chiba.jp/institution/1004355/1004646/1033118.html,公園 > 公園（南部地域）,公園,,,,,,,,,,,,,鰭ケ崎駅,9,,令和3年12月23日,,,2026-09-23
流山市文化会館,35.860217,139.905268,公民館,午前9時から午後10時までに開いています（公民館）。休みは年末年始（12月29日から1月3日まで）。おむつ替えができます。流山駅から徒歩8分。,https://www.city.nagareyama.chiba.jp/institution/1004311/1004324/1004325.html,流山市 施設案内,https://www.city.nagareyama.chiba.jp/institution/1004311/1004324/1004325.html,文化施設 > 公民館,公民館,04-7158-3462,,午前9時から午後10時まで ※ただし、利用状況により閉館時間が変更になる場合があります。,年末年始（12月29日から1月3日まで）,,,,,1,,,多目的トイレ・車いす用トイレ・段差のない出入口・エレベーター・駐車場・AED,流山駅,8,,令和8年2月19日,,,2026-09-23
流山市立中央図書館,35.85907,139.902496,図書館,開いているのは火曜から土曜9時30分から19時 日曜・祝日9時30分から17時（図書館）。貸出用ベビーカーがあります。おはなし会と、赤ちゃん向けのおはなし会があります。授乳・おむつ替えができます（調乳用のお湯もあります）。,https://www.library-city-nagareyama.jp/,流山市立図書館,https://www.city.nagareyama.chiba.jp/institution/1004311/1004312/1004313.html,文化施設 > 図書館,図書館,04-7159-4646,,火曜から土曜9時30分から19時 日曜・祝日9時30分から17時,月曜（祝日、夏季月曜開館日を除く）・月曜が祝日と重なる翌日・月の末日（土・日・祝日を除く）  年末年始・特別整理期間,,,,1,1,1,1,授乳室・貸出用ベビーカー・多目的トイレ・車いす用トイレ・エレベーター・駐車場・AED,,,,令和8年7月9日,,,2026-09-23
流山市立木の図書館,35.843094,139.942937,図書館,開いているのは火曜から土曜 9時30分から19時 日曜・祝日 9時30分から17時（図書館）。貸出用ベビーカーがあります。おはなし会と、赤ちゃん向けのおはなし会があります。授乳・おむつ替えができます。,https://www.subaru-shoten.co.jp/tosho/ki/,流山市立木の図書館,https://www.city.nagareyama.chiba.jp/institution/1004311/1004312/1004317.html,文化施設 > 図書館,図書館,04-7145-8000,,火曜から土曜 9時30分から19時 日曜・祝日 9時30分から17時,・月曜日（祝日、夏季月曜開館日を除く）・月曜が祝日と重なる場合その翌日  ・月の末日（土・日、夏季月曜開館日を除く）・年末年始・特別整理期間,,,,1,1,,1,授乳室・貸出用ベビーカー・多目的トイレ・車いす用トイレ・段差のない出入口・エレベーター・駐車場・AED,,,,令和8年7月9日,,,2026-09-23
流山市立森の図書館,35.911663,139.917168,図書館,開いているのは火曜から土曜 9時30分から19時 日曜・祝日 9時30分から17時（図書館）。貸出用ベビーカーがあります。おはなし会と、赤ちゃん向けのおはなし会があります。授乳・おむつ替えができます。,https://www.subaru-shoten.co.jp/tosho/mori/,森の図書館,https://www.city.nagareyama.chiba.jp/institution/1004311/1004312/1004314.html,文化施設 > 図書館,図書館,04-7152-3200,,火曜から土曜 9時30分から19時 日曜・祝日 9時30分から17時,・月曜（祝日、夏季月曜開館日を除く）・月曜が祝日と重なる場合その翌日  ・月の末日（土・日、夏季月曜開館日を除く）・年末年始・特別整理期間,,,,1,1,,1,授乳室・貸出用ベビーカー・車いす用トイレ・段差のない出入口・駐車場・AED,,,,令和8年7月9日,,,2026-09-23
CMSおおたかの森子育て支援センター,35.873096,139.927135,子育て支援センター,保育園の園庭やホールを開放している、就学前の子どもと保護者のための場所です。育児の相談もできます。開いているのはフロア開放 月～金曜日。,https://www.city.nagareyama.chiba.jp/institution/1004043/1004137/1004140.html,流山市 施設案内,https://www.city.nagareyama.chiba.jp/institution/1004043/1004137/1004140.html,子育て施設 > 地域子育て支援センター,子育て支援センター,04-7178-3061,,フロア開放 月～金曜日(公式LINEで要予約) (1)午前9時～午後0時 (2)午後1時～午後4時,,,,,,,,,,,,https://www.city.nagareyama.chiba.jp/life/1001107/1001239.html,令和5年6月28日,,,2026-09-23
いつき さくらんぼ,35.838136,139.907442,子育て支援センター,保育園の園庭やホールを開放している、就学前の子どもと保護者のための場所です。育児の相談もできます。開いているのはフロア開放 月～金曜日。,https://seikaitsuki.com/,公式ホームページ,https://www.city.nagareyama.chiba.jp/institution/1004043/1004137/1004139.html,子育て施設 > 地域子育て支援センター,子育て支援センター,04-7158-1145,,フロア開放 月～金曜日 (1)午前9時～午後0時 (2)午後2時～午後4時,,,,,,,,,,,,https://www.city.nagareyama.chiba.jp/life/1001107/1001239.html,令和6年5月10日,,,2026-09-23
おひさま,35.848572,139.901494,子育て支援センター,保育園の園庭やホールを開放している、就学前の子どもと保護者のための場所です。育児の相談もできます。開いているのはフロア開放 月～金曜日。,https://www.akagimanyo.or.jp/shiro-kosodate,公式ホームページ,https://www.city.nagareyama.chiba.jp/institution/1004043/1004137/1004147.html,子育て施設 > 地域子育て支援センター,子育て支援センター,04-7170-2111,,フロア開放 月～金曜日 (1)午前9時30分～午後0時 (2)午後1時～午後3時30分,,,,,,,,,,,,https://www.city.nagareyama.chiba.jp/life/1001107/1001239.html,令和5年6月28日,,,2026-09-23
おひさま城の星おおたかの森,35.860773,139.92413,子育て支援センター,保育園の園庭やホールを開放している、就学前の子どもと保護者のための場所です。育児の相談もできます。開いているのはフロア開放 月～金曜日 午前10時～午後3時。,https://www.city.nagareyama.chiba.jp/institution/1004043/1004137/1004151.html,流山市 施設案内,https://www.city.nagareyama.chiba.jp/institution/1004043/1004137/1004151.html,子育て施設 > 地域子育て支援センター,子育て支援センター,04-7197-2666,,フロア開放 月～金曜日 午前10時～午後3時,,,,,,,,,,,,https://www.city.nagareyama.chiba.jp/life/1001107/1001239.html,令和5年6月28日,,,2026-09-23
かもめルーム,35.879738,139.926524,子育て支援センター,保育園の園庭やホールを開放している、就学前の子どもと保護者のための場所です。育児の相談もできます。開いているのはフロア開放 月～金曜日。,https://seikamarin.com/,公式ホームページ,https://www.city.nagareyama.chiba.jp/institution/1004043/1004137/1004138.html,子育て施設 > 地域子育て支援センター,子育て支援センター,04-7154-5252,,フロア開放 月～金曜日 (1)午前9時～午後0時30分 (2)午後2時30分～午後4時,,,,,,,,,,,,https://www.city.nagareyama.chiba.jp/life/1001107/1001239.html,令和5年6月28日,,,2026-09-23
かるがも,35.871141,139.910553,子育て支援センター,保育園の園庭やホールを開放している、就学前の子どもと保護者のための場所です。育児の相談もできます。開いているのはフロア開放 月～金曜日。,https://karugamo-kosodate.com/,公式ホームページ,https://www.city.nagareyama.chiba.jp/institution/1004043/1004137/1004143.html,子育て施設 > 地域子育て支援センター,子育て支援センター,04-7159-2813,,フロア開放 月～金曜日(予約不要) (1)午前9時～午後0時 (2)午後2時～午後4時,,,,,,,,,,,,https://www.city.nagareyama.chiba.jp/life/1001107/1001239.html,令和5年6月28日,,,2026-09-23
ことこと,35.837238,139.89621,子育て支援センター,"保育園の園庭やホールを開放している、就学前の子どもと保護者のための場所です。育児の相談もできます。開いているのは月、火、木～土曜日 第2,4,5日曜 10時00分～17時00分。",https://coto-coto.info,公式ホームページ,https://www.city.nagareyama.chiba.jp/institution/1004043/1004137/1051193.html,子育て施設 > 地域子育て支援センター,子育て支援センター,04-7170-1899,,"月、火、木～土曜日 第2,4,5日曜 10時00分～17時00分 （11時30分～13時00分は、持参した昼食を食べるスペースがあります）",,,,,,,,,,,,https://www.city.nagareyama.chiba.jp/life/1001107/1001239.html,令和7年9月2日,,,2026-09-23
さくらんぼルーム,35.835256,139.9006,子育て支援センター,保育園の園庭やホールを開放している、就学前の子どもと保護者のための場所です。育児の相談もできます。開いているのはフロア開放 月～金曜日。,http://minaminagareyama.ncf-kids.com/,公式ホームページ,https://www.city.nagareyama.chiba.jp/institution/1004043/1004137/1004148.html,子育て施設 > 地域子育て支援センター,子育て支援センター,04-7159-3401,,フロア開放 月～金曜日 (1)午前9時～午後0時 (2)午後1時～午後3時,,,,,,,,,,,,https://www.city.nagareyama.chiba.jp/life/1001107/1001239.html,令和5年6月28日,,,2026-09-23
てるてる,35.896015,139.913284,子育て支援センター,"保育園の園庭やホールを開放している、就学前の子どもと保護者のための場所です。育児の相談もできます。開いているのはフロア開放 月曜日、水～土曜日、第2,4,5日曜日 午前10時～午後5時。",https://teru-teru.jp/,公式ホームページ,https://www.city.nagareyama.chiba.jp/institution/1004043/1004137/1047295.html,子育て施設 > 地域子育て支援センター,子育て支援センター,04-7136-2032,,"フロア開放 月曜日、水～土曜日、第2,4,5日曜日 午前10時～午後5時 (午前11時30分～午後1時は、お昼を持参して食べることができます。)",,,,,,,,,,,,https://www.city.nagareyama.chiba.jp/life/1001107/1001239.html,令和6年8月26日,,,2026-09-23
ひまわり,35.876872,139.937845,子育て支援センター,保育園の園庭やホールを開放している、就学前の子どもと保護者のための場所です。育児の相談もできます。開いているのはフロア開放 月～金曜日。,http://www.morinohoikuen.jp/nyuuen/himawari/,公式ホームページ,https://www.city.nagareyama.chiba.jp/institution/1004043/1004137/1004142.html,子育て施設 > 地域子育て支援センター,子育て支援センター,04-7152-1155,,フロア開放 月～金曜日 (1)午前9時～午後0時 (2)午後0時30分～午後2時30分,,,,,,,,,,,,https://www.city.nagareyama.chiba.jp/life/1001107/1001239.html,令和5年6月28日,,,2026-09-23
ぴのぴの,35.872856,139.921661,子育て支援センター,"保育園の園庭やホールを開放している、就学前の子どもと保護者のための場所です。育児の相談もできます。開いているのは月、火、木～土曜日 第2,4,5日曜 9時30分～16時30分。",https://pino-pino.info/,公式ホームページ,https://www.city.nagareyama.chiba.jp/institution/1004043/1004137/1054659.html,子育て施設 > 地域子育て支援センター,子育て支援センター,04-7199-3320,,"月、火、木～土曜日 第2,4,5日曜 9時30分～16時30分 （11時30分～13時00分は、持参した昼食を食べるスペースがあります）",,,,,,,,,,,,https://www.city.nagareyama.chiba.jp/life/1001107/1001239.html,令和8年8月26日,,,2026-09-23
ぺんぎん,35.881876,139.907455,子育て支援センター,保育園の園庭やホールを開放している、就学前の子どもと保護者のための場所です。育児の相談もできます。開いているのはフロア開放 火・水・木曜日。,http://morinohakids.jp/about/penguin/,公式ホームページ,https://www.city.nagareyama.chiba.jp/institution/1004043/1004137/1004149.html,子育て施設 > 地域子育て支援センター,子育て支援センター,04-7152-8966,,フロア開放 火・水・木曜日（要予約） (1)午前9時～午後0時 (2)午後0時30分～午後2時30分 ※イベント等で変更あり,,,,,,,,,,,,https://www.city.nagareyama.chiba.jp/life/1001107/1001239.html,令和5年6月28日,,,2026-09-23
ぽっかぽか,35.84342,139.94345,子育て支援センター,"保育園の園庭やホールを開放している、就学前の子どもと保護者のための場所です。育児の相談もできます。開いているのは月、水～土曜日、 第2,4,5日曜 10時00分～17時00分。",https://pokkapoka.m-harmony.org/,公式ホームページ,https://www.city.nagareyama.chiba.jp/institution/1004043/1004137/1050392.html,子育て施設 > 地域子育て支援センター,子育て支援センター,070-6612-4217,,"月、水～土曜日、 第2,4,5日曜 10時00分～17時00分 （11時30分～13時00分は、持参した昼食を食べるスペースがあります）",,,,,,,,,,,,https://www.city.nagareyama.chiba.jp/life/1001107/1001239.html,令和7年6月26日,,,2026-09-23
みんなのFratto,35.852799,139.916813,子育て支援センター,保育園の園庭やホールを開放している、就学前の子どもと保護者のための場所です。育児の相談もできます。開いているのはフロア開放 月～金曜日、土曜日。,https://www.city.nagareyama.chiba.jp/institution/1004043/1004137/1025078.html,流山市 施設案内,https://www.city.nagareyama.chiba.jp/institution/1004043/1004137/1025078.html,子育て施設 > 地域子育て支援センター,子育て支援センター,04-7168-0827,,フロア開放 月～金曜日、土曜日（月1回） (1)午前9時～午後0時 (2)午後1時30分～午後3時30分,,,,,,,,,,,,https://www.city.nagareyama.chiba.jp/life/1001107/1001239.html,令和5年6月28日,,,2026-09-23
わらしこ,35.862117,139.905693,子育て支援センター,保育園の園庭やホールを開放している、就学前の子どもと保護者のための場所です。育児の相談もできます。開いているのはフロア開放 月～金曜日 午前9時～午後2時。,https://kazenomura.jp/facility/%E7%94%9F%E6%B4%BB%E3%82%AF%E3%83%A9%E3%83%96%E9%A2%A8%E3%81%AE%E6%9D%91%E3%82%8F%E3%82%89%E3%81%97%E3%81%93%E4%BF%9D%E8%82%B2%E5%9C%92%E6%B5%81%E5%B1%B1/,公式ホームページ,https://www.city.nagareyama.chiba.jp/institution/1004043/1004137/1004144.html,子育て施設 > 地域子育て支援センター,子育て支援センター,04-7150-5002,,フロア開放 月～金曜日 午前9時～午後2時（午前11時30分～午後0時15分は、お弁当を持参して食べることができます。）,,,,,,,,,,,,https://www.city.nagareyama.chiba.jp/life/1001107/1001239.html,令和5年6月28日,,,2026-09-23
あすなろ学童クラブ,35.834643,139.898881,学童クラブ,学童クラブです。多目的トイレがあります。,https://www.city.nagareyama.chiba.jp/institution/1004043/1004114/1004132.html,流山市 施設案内,https://www.city.nagareyama.chiba.jp/institution/1004043/1004114/1004132.html,子育て施設 > 学童クラブ,学童クラブ,04-7159-7970,,,,,,,,1,,,多目的トイレ・段差のない出入口・駐車場・AED,,,,令和4年9月22日,,,2026-09-23
おおたかの森小学校区学童クラブ,35.867919,139.9177,学童クラブ,学童クラブです。,https://www.city.nagareyama.chiba.jp/institution/1004043/1004114/1004136.html,流山市 施設案内,https://www.city.nagareyama.chiba.jp/institution/1004043/1004114/1004136.html,子育て施設 > 学童クラブ,学童クラブ,04-7197-7231,,,,,,,,,,,車いす用トイレ・段差のない出入口・AED,,,,令和4年9月22日,,,2026-09-23
そよかぜ学童クラブ,35.850711,139.924272,学童クラブ,学童クラブです。,https://www.city.nagareyama.chiba.jp/institution/1004043/1004114/1004133.html,流山市 施設案内,https://www.city.nagareyama.chiba.jp/institution/1004043/1004114/1004133.html,子育て施設 > 学童クラブ,学童クラブ,04-7150-5797,,,,,,,,,,,車いす用トイレ・駐車場・AED,,,,平成29年9月15日,,,2026-09-23
たんぽぽ学童クラブ,35.906174,139.899925,学童クラブ,学童クラブです。,https://www.city.nagareyama.chiba.jp/institution/1004043/1004114/1004121.html,流山市 施設案内,https://www.city.nagareyama.chiba.jp/institution/1004043/1004114/1004121.html,子育て施設 > 学童クラブ,学童クラブ,04-7155-3636,,,,,,,,,,,,,,,平成29年9月15日,,,2026-09-23
つくしんぼ学童クラブ,35.895758,139.899784,学童クラブ,学童クラブです。,https://www.city.nagareyama.chiba.jp/institution/1004043/1004114/1004120.html,流山市 施設案内,https://www.city.nagareyama.chiba.jp/institution/1004043/1004114/1004120.html,子育て施設 > 学童クラブ,学童クラブ,04-7154-2114,,,,,,,,,,,,,,,平成29年9月15日,,,2026-09-23
ひよどり学童クラブ,35.861868,139.932257,学童クラブ,学童クラブです。,https://www.city.nagareyama.chiba.jp/institution/1004043/1004114/1004126.html,流山市 施設案内,https://www.city.nagareyama.chiba.jp/institution/1004043/1004114/1004126.html,子育て施設 > 学童クラブ,学童クラブ,04-7145-4414,,,,,,,,,,,AED,,,,平成29年9月15日,,,2026-09-23
八木北小学校区第1学童クラブ,35.882912,139.926374,学童クラブ,学童クラブです。,https://www.city.nagareyama.chiba.jp/institution/1004043/1004114/1004122.html,流山市 施設案内,https://www.city.nagareyama.chiba.jp/institution/1004043/1004114/1004122.html,子育て施設 > 学童クラブ,学童クラブ,04-7152-2231,,,,,,,,,,,車いす用トイレ・段差のない出入口・駐車場・AED,,,,令和4年9月22日,,,2026-09-23
八木北小学校区第2学童クラブ,35.882912,139.926374,学童クラブ,学童クラブです。,https://www.city.nagareyama.chiba.jp/institution/1004043/1004114/1023188.html,流山市 施設案内,https://www.city.nagareyama.chiba.jp/institution/1004043/1004114/1023188.html,子育て施設 > 学童クラブ,学童クラブ,04-7199-3446,,,,,,,,,,,駐車場・AED,,,,令和4年9月22日,,,2026-09-23
向小金小学校区第1学童クラブ・向小金小学校区第2学童クラブ,35.836525,139.952502,学童クラブ,学童クラブです。多目的トイレがあります。,https://www.city.nagareyama.chiba.jp/institution/1004043/1004114/1004134.html,流山市 施設案内,https://www.city.nagareyama.chiba.jp/institution/1004043/1004114/1004134.html,子育て施設 > 学童クラブ,学童クラブ,04-7173-9313,,,,,,,,1,,,多目的トイレ・AED,,,,平成29年9月15日,,,2026-09-23
第1あずま学童クラブ,35.84188,139.94229,学童クラブ,学童クラブです。,https://www.city.nagareyama.chiba.jp/institution/1004043/1004114/1004135.html,流山市 施設案内,https://www.city.nagareyama.chiba.jp/institution/1004043/1004114/1004135.html,子育て施設 > 学童クラブ,学童クラブ,04-7146-8558,,,,,,,,,,,車いす用トイレ・段差のない出入口・AED,,,,令和4年9月22日,,,2026-09-23
第1おおぞら学童クラブ,35.851922,139.900519,学童クラブ,学童クラブです。,https://www.city.nagareyama.chiba.jp/institution/1004043/1004114/1004128.html,流山市 施設案内,https://www.city.nagareyama.chiba.jp/institution/1004043/1004114/1004128.html,子育て施設 > 学童クラブ,学童クラブ,04-7158-3568,,,,,,,,,,,車いす用トイレ・段差のない出入口・AED,,,,令和4年9月22日,,,2026-09-23
第1おおたかの森ルーム,35.876057,139.931754,学童クラブ,学童クラブです。,https://www.city.nagareyama.chiba.jp/institution/1004043/1004114/1004123.html,流山市 施設案内,https://www.city.nagareyama.chiba.jp/institution/1004043/1004114/1004123.html,子育て施設 > 学童クラブ,学童クラブ,04-7155-8077,,,,,,,,,,,車いす用トイレ・段差のない出入口・駐車場・AED,,,,令和4年9月22日,,,2026-09-23
第1ちびっこなかよしクラブ・第2ちびっこのびのびクラブ,35.860893,139.904103,学童クラブ,学童クラブです。,https://www.city.nagareyama.chiba.jp/institution/1004043/1004114/1004127.html,流山市 施設案内,https://www.city.nagareyama.chiba.jp/institution/1004043/1004114/1004127.html,子育て施設 > 学童クラブ,学童クラブ,04-7158-7560,,,,,,,,,,,車いす用トイレ・段差のない出入口・駐車場・AED,,,,令和4年9月22日,,,2026-09-23
第1ひまわり学童クラブ,35.839077,139.909776,学童クラブ,学童クラブです。,https://www.city.nagareyama.chiba.jp/institution/1004043/1004114/1004130.html,流山市 施設案内,https://www.city.nagareyama.chiba.jp/institution/1004043/1004114/1004130.html,子育て施設 > 学童クラブ,学童クラブ,04-7150-3366,,,,,,,,,,,段差のない出入口・駐車場・AED,,,,令和4年9月22日,,,2026-09-23
第1もりのいえ学童クラブ,35.908727,139.908462,学童クラブ,学童クラブです。,https://www.city.nagareyama.chiba.jp/institution/1004043/1004114/1004117.html,流山市 施設案内,https://www.city.nagareyama.chiba.jp/institution/1004043/1004114/1004117.html,子育て施設 > 学童クラブ,学童クラブ,04-7156-0778,,,,,,,,,,,AED,,,,令和4年9月22日,,,2026-09-23
第1江戸川台学童クラブ,35.899686,139.912211,学童クラブ,学童クラブです。,https://www.city.nagareyama.chiba.jp/institution/1004043/1004114/1004115.html,流山市 施設案内,https://www.city.nagareyama.chiba.jp/institution/1004043/1004114/1004115.html,子育て施設 > 学童クラブ,学童クラブ,04-7154-2310,,,,,,,,,,,AED,,,,令和4年9月22日,,,2026-09-23
第1西初石子どもルーム,35.879044,139.909922,学童クラブ,学童クラブです。,https://www.city.nagareyama.chiba.jp/institution/1004043/1004114/1004119.html,流山市 施設案内,https://www.city.nagareyama.chiba.jp/institution/1004043/1004114/1004119.html,子育て施設 > 学童クラブ,学童クラブ,04-7153-5100,,,,,,,,,,,車いす用トイレ・段差のない出入口・AED,,,,令和4年9月22日,,,2026-09-23
第2あずま学童クラブ,35.842028,139.94247,学童クラブ,学童クラブです。,https://www.city.nagareyama.chiba.jp/institution/1004043/1004114/1026317.html,流山市 施設案内,https://www.city.nagareyama.chiba.jp/institution/1004043/1004114/1026317.html,子育て施設 > 学童クラブ,学童クラブ,04-7157-3565,,,,,,,,,,,車いす用トイレ・段差のない出入口・AED,,,,令和4年9月22日,,,2026-09-23
第2おおぞら学童クラブ,35.852499,139.899366,学童クラブ,学童クラブです。,https://www.city.nagareyama.chiba.jp/institution/1004043/1004114/1004129.html,流山市 施設案内,https://www.city.nagareyama.chiba.jp/institution/1004043/1004114/1004129.html,子育て施設 > 学童クラブ,学童クラブ,04-7159-1980,,,,,,,,,,,車いす用トイレ・段差のない出入口・AED,,,,令和4年9月22日,,,2026-09-23
第2おおたかの森ルーム,35.874194,139.928426,学童クラブ,学童クラブです。多目的トイレがあります。,https://www.city.nagareyama.chiba.jp/institution/1004043/1004114/1004124.html,流山市 施設案内,https://www.city.nagareyama.chiba.jp/institution/1004043/1004114/1004124.html,子育て施設 > 学童クラブ,学童クラブ,04-7154-1131,,,,,,,,1,,,多目的トイレ・段差のない出入口・AED,,,,令和4年9月22日,,,2026-09-23
第2ひまわり学童クラブ,35.8398,139.908393,学童クラブ,学童クラブです。,https://www.city.nagareyama.chiba.jp/institution/1004043/1004114/1004131.html,流山市 施設案内,https://www.city.nagareyama.chiba.jp/institution/1004043/1004114/1004131.html,子育て施設 > 学童クラブ,学童クラブ,04-7158-7850,,,,,,,,,,,車いす用トイレ・段差のない出入口・AED,,,,令和4年9月22日,,,2026-09-23
第2もりのいえ学童クラブ・第3もりのいえ学童クラブ,35.908187,139.908613,学童クラブ,学童クラブです。,https://www.city.nagareyama.chiba.jp/institution/1004043/1004114/1004118.html,流山市 施設案内,https://www.city.nagareyama.chiba.jp/institution/1004043/1004114/1004118.html,子育て施設 > 学童クラブ,学童クラブ,04-7156-0778,,,,,,,,,,,車いす用トイレ・AED,,,,令和4年9月22日,,,2026-09-23
第2江戸川台学童クラブ・第3江戸川台学童クラブ,35.900316,139.91216,学童クラブ,学童クラブです。,https://www.city.nagareyama.chiba.jp/institution/1004043/1004114/1004116.html,流山市 施設案内,https://www.city.nagareyama.chiba.jp/institution/1004043/1004114/1004116.html,子育て施設 > 学童クラブ,学童クラブ,04-7154-2277,,,,,,,,,,,車いす用トイレ・段差のない出入口・AED,,,,令和4年9月22日,,,2026-09-23
第2西初石子どもルーム,35.880069,139.909773,学童クラブ,学童クラブです。,https://www.city.nagareyama.chiba.jp/institution/1004043/1004114/1021714.html,流山市 施設案内,https://www.city.nagareyama.chiba.jp/institution/1004043/1004114/1021714.html,子育て施設 > 学童クラブ,学童クラブ,04-7179-5190,,,,,,,,,,,車いす用トイレ・段差のない出入口・駐車場・AED,,,,令和4年9月22日,,,2026-09-23
第3おおぞら学童クラブ,35.84835,139.901793,学童クラブ,学童クラブです。,https://www.city.nagareyama.chiba.jp/institution/1004043/1004114/1026313.html,流山市 施設案内,https://www.city.nagareyama.chiba.jp/institution/1004043/1004114/1026313.html,子育て施設 > 学童クラブ,学童クラブ,04-7186-7152,,,,,,,,,,,車いす用トイレ・段差のない出入口・駐車場・AED,,,,令和4年9月22日,,,2026-09-23
第3おおたかの森ルーム・第4おおたかの森ルーム,35.876057,139.931754,学童クラブ,学童クラブです。,https://www.city.nagareyama.chiba.jp/institution/1004043/1004114/1004125.html,流山市 施設案内,https://www.city.nagareyama.chiba.jp/institution/1004043/1004114/1004125.html,子育て施設 > 学童クラブ,学童クラブ,04-7199-8222,,,,,,,,,,,車いす用トイレ・段差のない出入口・駐車場・AED,,,,令和4年9月22日,,,2026-09-23
第3ちびっこクラブ,35.859314,139.905197,学童クラブ,学童クラブです。多目的トイレがあります。,https://www.city.nagareyama.chiba.jp/institution/1004043/1004114/1023189.html,流山市 施設案内,https://www.city.nagareyama.chiba.jp/institution/1004043/1004114/1023189.html,子育て施設 > 学童クラブ,学童クラブ,04-7168-0520,,,,,,,,1,,,多目的トイレ・車いす用トイレ・段差のない出入口・駐車場・AED,,,,令和4年9月22日,,,2026-09-23
第3ひまわり学童クラブ,35.839696,139.908354,学童クラブ,学童クラブです。,https://www.city.nagareyama.chiba.jp/institution/1004043/1004114/1026315.html,流山市 施設案内,https://www.city.nagareyama.chiba.jp/institution/1004043/1004114/1026315.html,子育て施設 > 学童クラブ,学童クラブ,04-7192-8851,,,,,,,,,,,車いす用トイレ・段差のない出入口・AED,,,,令和4年9月22日,,,2026-09-23
このはな幼稚園,35.855543,139.898972,幼稚園,幼稚園です。流山駅から徒歩5分。,https://www.konohana-kinder.com/,公式ホームページ,https://www.city.nagareyama.chiba.jp/institution/1004043/1004094/1004096.html,子育て施設 > 幼稚園,幼稚園,04-7158-0264,,,,,,,,,,,AED,流山駅,5,,令和8年8月25日,,,2026-09-23
一の台幼稚園,35.91327,139.913405,幼稚園,幼稚園です。運河駅から徒歩12分。,https://www.ichinodai.online/,公式ホームページ,https://www.city.nagareyama.chiba.jp/institution/1004043/1004094/1004099.html,子育て施設 > 幼稚園,幼稚園,04-7152-3059,,,,,,,,,,,AED,運河駅,12,,令和8年8月25日,,,2026-09-23
八木幼稚園,35.860412,139.932391,幼稚園,幼稚園です。豊四季駅から徒歩20分。,https://yagi-youchien.kids.coocan.jp/,公式ホームページ,https://www.city.nagareyama.chiba.jp/institution/1004043/1004094/1004101.html,子育て施設 > 幼稚園,幼稚園,04-7144-7790,,,,,,,,,,,AED,豊四季駅,20,,令和8年8月25日,,,2026-09-23
南流山幼稚園,35.834185,139.902758,幼稚園,幼稚園です。多目的トイレがあります。,https://minami.okamoto-gakuen.com/,公式ホームページ,https://www.city.nagareyama.chiba.jp/institution/1004043/1004094/1004104.html,子育て施設 > 幼稚園,幼稚園,04-7159-7050,,,,,,,,1,,,多目的トイレ・車いす用トイレ・段差のない出入口・駐車場・AED,,,,令和8年8月25日,,,2026-09-23
平和台幼稚園,35.852846,139.905821,幼稚園,幼稚園です。平和台駅から徒歩7分。,https://okamoto-gakuen.com/,公式ホームページ,https://www.city.nagareyama.chiba.jp/institution/1004043/1004094/1004100.html,子育て施設 > 幼稚園,幼稚園,04-7158-5617,,,,,,,,,,,AED,平和台駅,7,,令和8年8月25日,,,2026-09-23
暁星国際流山幼稚園,35.854433,139.915446,幼稚園,幼稚園です。,https://www.gikn.jp/,公式ホームページ,https://www.city.nagareyama.chiba.jp/institution/1004043/1004094/1004105.html,子育て施設 > 幼稚園,幼稚園,04-7150-2014,,,,,,,,,,,AED,,,,令和8年8月25日,,,2026-09-23
江戸川台ひまわり幼稚園,35.891229,139.901729,幼稚園,幼稚園です。江戸川台駅から徒歩10分。,https://himawarikids.jp,公式ホームページ,https://www.city.nagareyama.chiba.jp/institution/1004043/1004094/1004097.html,子育て施設 > 幼稚園,幼稚園,04-7152-0435,,,,,,,,,,,AED,江戸川台駅,10,,令和8年8月25日,,,2026-09-23
流山市幼児教育支援センター附属幼稚園,35.899686,139.912211,幼稚園,幼稚園です。多目的トイレがあります。,https://www.city.nagareyama.chiba.jp/institution/1004043/1004094/1004095.html,流山市 施設案内,https://www.city.nagareyama.chiba.jp/institution/1004043/1004094/1004095.html,子育て施設 > 幼稚園,幼稚園,04-7152-0353,,,,,,,,1,,,多目的トイレ・段差のない出入口・AED,,,,平成29年9月15日,,,2026-09-23
神愛幼稚園,35.878828,139.924491,幼稚園,幼稚園です。流山おおたかの森駅から徒歩12分。,https://shinai.ac.jp/,公式ホームページ,https://www.city.nagareyama.chiba.jp/institution/1004043/1004094/1004098.html,子育て施設 > 幼稚園,幼稚園,04-7154-1259,,,,,,,,,,,AED,流山おおたかの森駅,12,,令和8年8月25日,,,2026-09-23
黒川幼稚園,35.845379,139.932261,幼稚園,幼稚園です。流山セントラルパーク駅から徒歩30分。,https://www.kurokawakindergarten.jp/,公式ホームページ,https://www.city.nagareyama.chiba.jp/institution/1004043/1004094/1004102.html,子育て施設 > 幼稚園,幼稚園,04-7145-9501,,,,,,,,,,,,流山セントラルパーク駅,30,,令和8年8月25日,,,2026-09-23
えどがわ南流山保育園,35.856285,139.90274,認可保育施設,外出のとちゅうに立ち寄れる、市が認定した赤ちゃんほっとスペースです。授乳・おむつ替えができます。,https://www.city.nagareyama.chiba.jp/institution/1042534.html,流山市 赤ちゃんほっとスペース,,,,04-7157-8855,,,,,,,1,1,,,,,,,,,,2026-09-23
えどがわ森の保育園,35.856285,139.90274,認可保育施設,外出のとちゅうに立ち寄れる、市が認定した赤ちゃんほっとスペースです。授乳・おむつ替えができます（調乳用のお湯もあります）。,https://www.city.nagareyama.chiba.jp/institution/1042534.html,流山市 赤ちゃんほっとスペース,,,,04-7152-1155,,,,,,,1,1,1,,,,,,,,,2026-09-23
えどがわ南流山保育園,35.831957,139.899406,赤ちゃんほっとスペース,外出のとちゅうに立ち寄れる、市が認定した赤ちゃんほっとスペースです。授乳・おむつ替えができます。,https://www.city.nagareyama.chiba.jp/institution/1042534.html,流山市 赤ちゃんほっとスペース,,,,04-7157-8855,,,,,,,1,1,,,,,,,,,,2026-09-23
えどがわ森の保育園,35.877332,139.938626,赤ちゃんほっとスペース,外出のとちゅうに立ち寄れる、市が認定した赤ちゃんほっとスペースです。授乳・おむつ替えができます（調乳用のお湯もあります）。,https://www.city.nagareyama.chiba.jp/institution/1042534.html,流山市 赤ちゃんほっとスペース,,,,04-7152-1155,,,,,,,1,1,1,,,,,,,,,2026-09-23
おおたかの森ヒルズナーサリースクール,35.872762,139.926519,赤ちゃんほっとスペース,外出のとちゅうに立ち寄れる、市が認定した赤ちゃんほっとスペースです。おむつ替えができます。,https://www.city.nagareyama.chiba.jp/institution/1042534.html,流山市 赤ちゃんほっとスペース,,,,04-7197-7068,,,,,,,,1,,,,,,,,,,2026-09-23
おおたかの森聖華保育園,35.861101,139.931107,赤ちゃんほっとスペース,外出のとちゅうに立ち寄れる、市が認定した赤ちゃんほっとスペースです。おむつ替えができます。,https://www.city.nagareyama.chiba.jp/institution/1042534.html,流山市 赤ちゃんほっとスペース,,,,04-7146-0303,,,,,,,,1,,,,,,,,,,2026-09-23
かやの木保育園（地域子育て支援センターかるがも）,35.871141,139.910553,赤ちゃんほっとスペース,外出のとちゅうに立ち寄れる、市が認定した赤ちゃんほっとスペースです。授乳・おむつ替えができます（調乳用のお湯もあります）。,https://www.city.nagareyama.chiba.jp/institution/1042534.html,流山市 赤ちゃんほっとスペース,,,,04-7159-2813,,,,,,,1,1,1,,,,,,,,,2026-09-23
けやきの森保育園おおたかの森園,35.876155,139.922784,赤ちゃんほっとスペース,外出のとちゅうに立ち寄れる、市が認定した赤ちゃんほっとスペースです。授乳・おむつ替えができます（調乳用のお湯もあります）。,https://www.city.nagareyama.chiba.jp/institution/1042534.html,流山市 赤ちゃんほっとスペース,,,,04-7155-8022,,,,,,,1,1,1,,,,,,,,,2026-09-23
けやきの森保育園おおたかの森第二,35.875342,139.927706,赤ちゃんほっとスペース,外出のとちゅうに立ち寄れる、市が認定した赤ちゃんほっとスペースです。調乳用のお湯があります。,https://www.city.nagareyama.chiba.jp/institution/1042534.html,流山市 赤ちゃんほっとスペース,,,,04-7197-1880,,,,,,,,,1,,,,,,,,,2026-09-23
たかさごスクールおおたかの森,35.873413,139.932446,赤ちゃんほっとスペース,外出のとちゅうに立ち寄れる、市が認定した赤ちゃんほっとスペースです。授乳・おむつ替えができます（調乳用のお湯もあります）。,https://www.city.nagareyama.chiba.jp/institution/1042534.html,流山市 赤ちゃんほっとスペース,,,,04-7154-2448,,,,,,,1,1,1,,,,,,,,,2026-09-23
たかさごスクールセントラル（本園）,35.848722,139.904163,赤ちゃんほっとスペース,外出のとちゅうに立ち寄れる、市が認定した赤ちゃんほっとスペースです。授乳・おむつ替えができます（調乳用のお湯もあります）。,https://www.city.nagareyama.chiba.jp/institution/1042534.html,流山市 赤ちゃんほっとスペース,,,,04-7159-7473,,,,,,,1,1,1,,,,,,,,,2026-09-23
たかさごスクール南流山,35.835818,139.904719,赤ちゃんほっとスペース,外出のとちゅうに立ち寄れる、市が認定した赤ちゃんほっとスペースです。授乳・おむつ替えができます（調乳用のお湯もあります）。,https://www.city.nagareyama.chiba.jp/institution/1042534.html,流山市 赤ちゃんほっとスペース,,,,04-7157-8300,,,,,,,1,1,1,,,,,,,,,2026-09-23
ぽけっとランド江戸川台駅前保育園,35.897818,139.909966,赤ちゃんほっとスペース,外出のとちゅうに立ち寄れる、市が認定した赤ちゃんほっとスペースです。おむつ替えができます（調乳用のお湯もあります）。,https://www.city.nagareyama.chiba.jp/institution/1042534.html,流山市 赤ちゃんほっとスペース,,,,04-7156-3155,,,,,,,,1,1,,,,,,,,,2026-09-23
アートチャイルドケア南流山保育園,35.834125,139.896812,赤ちゃんほっとスペース,外出のとちゅうに立ち寄れる、市が認定した赤ちゃんほっとスペースです。授乳・おむつ替えができます（調乳用のお湯もあります）。,https://www.city.nagareyama.chiba.jp/institution/1042534.html,流山市 赤ちゃんほっとスペース,,,,04-7158-0123,,,,,,,1,1,1,,,,,,,,,2026-09-23
イトーヨーカ堂流山店,35.850096,139.899338,赤ちゃんほっとスペース,流鉄流山線の平和台駅から歩いてすぐの大型スーパー。2階の赤ちゃん休憩室で授乳とおむつ替えができ、調乳用のお湯ももらえます。,https://stores.itoyokado.co.jp/detail/530/,イトーヨーカドー流山店,,,,04-7158-5211,2F 赤ちゃん休憩室,,,,,,1,1,1,,,,,,,,,2026-09-23
コーナン南流山店,35.832593,139.897296,赤ちゃんほっとスペース,外出のとちゅうに立ち寄れる、市が認定した赤ちゃんほっとスペースです。授乳・おむつ替えができます（調乳用のお湯もあります）。,https://www.city.nagareyama.chiba.jp/institution/1042534.html,流山市 赤ちゃんほっとスペース,,,,04-7178-7800,,,,,,,1,1,1,,,,,,,,,2026-09-23
セブンイレブン流山おおたかの森北２丁目店,35.879611,139.92629,赤ちゃんほっとスペース,外出のとちゅうに立ち寄れる、市が認定した赤ちゃんほっとスペースです。授乳・おむつ替えができます（調乳用のお湯もあります）。,https://www.city.nagareyama.chiba.jp/institution/1042534.html,流山市 赤ちゃんほっとスペース,,,,04-7157-3054,,,,,,,1,1,1,,,,,,,,,2026-09-23
バースデイ西平井店,35.847069,139.908258,赤ちゃんほっとスペース,外出のとちゅうに立ち寄れる、市が認定した赤ちゃんほっとスペースです。授乳・おむつ替えができます（調乳用のお湯もあります）。,https://www.city.nagareyama.chiba.jp/institution/1042534.html,流山市 赤ちゃんほっとスペース,,,,04-7190-5805,,,,,,,1,1,1,,,,,,,,,2026-09-23
パルシステム千葉　パルひろばおおたかの森,35.873084,139.927132,赤ちゃんほっとスペース,外出のとちゅうに立ち寄れる、市が認定した赤ちゃんほっとスペースです。授乳・おむつ替えができます（調乳用のお湯もあります）。,https://www.city.nagareyama.chiba.jp/institution/1042534.html,流山市 赤ちゃんほっとスペース,,,,0120-868-664,,,,,,,1,1,1,,,,,,,,,2026-09-23
ピオーネ流山保育園,35.846742,139.907885,赤ちゃんほっとスペース,外出のとちゅうに立ち寄れる、市が認定した赤ちゃんほっとスペースです。授乳・おむつ替えができます（調乳用のお湯もあります）。,https://www.city.nagareyama.chiba.jp/institution/1042534.html,流山市 赤ちゃんほっとスペース,,,,04-7178-7311,,,,,,,1,1,1,,,,,,,,,2026-09-23
ミルキーホーム向小金園,35.837637,139.948898,赤ちゃんほっとスペース,外出のとちゅうに立ち寄れる、市が認定した赤ちゃんほっとスペースです。授乳・おむつ替えができます（調乳用のお湯もあります）。,https://www.city.nagareyama.chiba.jp/institution/1042534.html,流山市 赤ちゃんほっとスペース,,,,04-7186-7031,,,,,,,1,1,1,,,,,,,,,2026-09-23
ヤオコー南流山店,35.832541,139.898583,赤ちゃんほっとスペース,外出のとちゅうに立ち寄れる、市が認定した赤ちゃんほっとスペースです。授乳・おむつ替えができます（調乳用のお湯もあります）。,https://www.city.nagareyama.chiba.jp/institution/1042534.html,流山市 赤ちゃんほっとスペース,,,,04-7178-7211,,,,,,,1,1,1,,,,,,,,,2026-09-23
京葉銀行　江戸川台支店,35.89784,139.909247,赤ちゃんほっとスペース,外出のとちゅうに立ち寄れる、市が認定した赤ちゃんほっとスペースです。おむつ替えができます。,https://www.city.nagareyama.chiba.jp/institution/1042534.html,流山市 赤ちゃんほっとスペース,,,,04-7152-3151,,,,,,,,1,,,,,,,,,,2026-09-23
京葉銀行　流山おおたかの森支店,35.871154,139.921128,赤ちゃんほっとスペース,外出のとちゅうに立ち寄れる、市が認定した赤ちゃんほっとスペースです。おむつ替えができます。,https://www.city.nagareyama.chiba.jp/institution/1042534.html,流山市 赤ちゃんほっとスペース,,,,04-7150-8611,,,,,,,,1,,,,,,,,,,2026-09-23
京葉銀行　流山支店,35.852299,139.905344,赤ちゃんほっとスペース,外出のとちゅうに立ち寄れる、市が認定した赤ちゃんほっとスペースです。おむつ替えができます。,https://www.city.nagareyama.chiba.jp/institution/1042534.html,流山市 赤ちゃんほっとスペース,,,,04-7150-1501,,,,,,,,1,,,,,,,,,,2026-09-23
八木北保育園,35.88753,139.930868,赤ちゃんほっとスペース,外出のとちゅうに立ち寄れる、市が認定した赤ちゃんほっとスペースです。授乳・おむつ替えができます（調乳用のお湯もあります）。,https://www.city.nagareyama.chiba.jp/institution/1042534.html,流山市 赤ちゃんほっとスペース,,,,04-7152-0504,,,,,,,1,1,1,,,,,,,,,2026-09-23
千葉興業銀行　おおたかの森支店,35.873431,139.927511,赤ちゃんほっとスペース,外出のとちゅうに立ち寄れる、市が認定した赤ちゃんほっとスペースです。おむつ替えができます。,https://www.city.nagareyama.chiba.jp/institution/1042534.html,流山市 赤ちゃんほっとスペース,,,,04-7152-2500,,,,,,,,1,,,,,,,,,,2026-09-23
千葉銀行　流山おおたかの森支店,35.871123,139.922228,赤ちゃんほっとスペース,外出のとちゅうに立ち寄れる、市が認定した赤ちゃんほっとスペースです。授乳・おむつ替えができます（調乳用のお湯もあります）。,https://www.city.nagareyama.chiba.jp/institution/1042534.html,流山市 赤ちゃんほっとスペース,,,,04-7196-7200,,,,,,,1,1,1,,,,,,,,,2026-09-23
南流山そらいろ保育園,35.84149,139.896461,赤ちゃんほっとスペース,外出のとちゅうに立ち寄れる、市が認定した赤ちゃんほっとスペースです。授乳・おむつ替えができます（調乳用のお湯もあります）。,https://www.city.nagareyama.chiba.jp/institution/1042534.html,流山市 赤ちゃんほっとスペース,,,,04-7158-5500,,,,,,,1,1,1,,,,,,,,,2026-09-23
南流山ちとせ保育園,35.832566,139.901819,赤ちゃんほっとスペース,外出のとちゅうに立ち寄れる、市が認定した赤ちゃんほっとスペースです。授乳・おむつ替えができます（調乳用のお湯もあります）。,https://www.city.nagareyama.chiba.jp/institution/1042534.html,流山市 赤ちゃんほっとスペース,,,,04-7157-6002,,,,,,,1,1,1,,,,,,,,,2026-09-23
南流山保育園ひびき,35.836948,139.899015,赤ちゃんほっとスペース,外出のとちゅうに立ち寄れる、市が認定した赤ちゃんほっとスペースです。授乳・おむつ替えができます（調乳用のお湯もあります）。,https://www.city.nagareyama.chiba.jp/institution/1042534.html,流山市 赤ちゃんほっとスペース,,,,04-7199-7815,,,,,,,1,1,1,,,,,,,,,2026-09-23
南流山聖華保育園,35.835218,139.900622,赤ちゃんほっとスペース,外出のとちゅうに立ち寄れる、市が認定した赤ちゃんほっとスペースです。授乳・おむつ替えができます（調乳用のお湯もあります）。,https://www.city.nagareyama.chiba.jp/institution/1042534.html,流山市 赤ちゃんほっとスペース,,,,04-7159-3401,,,,,,,1,1,1,,,,,,,,,2026-09-23
城の星おおたかの森保育園（地域子育て支援センターおひさま城の星おおたかの森）,35.861366,139.925512,赤ちゃんほっとスペース,外出のとちゅうに立ち寄れる、市が認定した赤ちゃんほっとスペースです。授乳・おむつ替えができます（調乳用のお湯もあります）。,https://www.city.nagareyama.chiba.jp/institution/1042534.html,流山市 赤ちゃんほっとスペース,,,,04-7197-2666,,,,,,,1,1,1,,,,,,,,,2026-09-23
城の星保育園,35.848572,139.901494,赤ちゃんほっとスペース,外出のとちゅうに立ち寄れる、市が認定した赤ちゃんほっとスペースです。授乳・おむつ替えができます（調乳用のお湯もあります）。,https://www.city.nagareyama.chiba.jp/institution/1042534.html,流山市 赤ちゃんほっとスペース,,,,04-7170-2111,,,,,,,1,1,1,,,,,,,,,2026-09-23
暁の星保育園,35.876767,139.919253,赤ちゃんほっとスペース,外出のとちゅうに立ち寄れる、市が認定した赤ちゃんほっとスペースです。授乳・おむつ替えができます（調乳用のお湯もあります）。,https://www.city.nagareyama.chiba.jp/institution/1042534.html,流山市 赤ちゃんほっとスペース,,,,04-7197-7756,,,,,,,1,1,1,,,,,,,,,2026-09-23
松の実保育園,35.851911,139.940651,赤ちゃんほっとスペース,外出のとちゅうに立ち寄れる、市が認定した赤ちゃんほっとスペースです。授乳・おむつ替えができます（調乳用のお湯もあります）。,https://www.city.nagareyama.chiba.jp/institution/1042534.html,流山市 赤ちゃんほっとスペース,,,,04-7145-4312,,,,,,,1,1,1,,,,,,,,,2026-09-23
森の葉保育園（子育て支援センターぺんぎん）,35.88703,139.908417,赤ちゃんほっとスペース,外出のとちゅうに立ち寄れる、市が認定した赤ちゃんほっとスペースです。授乳・おむつ替えができます。,https://www.city.nagareyama.chiba.jp/institution/1042534.html,流山市 赤ちゃんほっとスペース,,,,04-7152-8966,,,,,,,1,1,,,,,,,,,,2026-09-23
流山おおたかの森S・C,35.87046,139.925728,赤ちゃんほっとスペース,流山おおたかの森駅の目の前のショッピングセンター。ベビー休憩室が本館1階・本館3階・ANNEX1階の3か所にあり、授乳・おむつ替え・調乳用のお湯が使えます。,https://otakanomori-sc.com/,流山おおたかの森S.C.,,,,04-7152-3333,本館1F 中央階段通路ベビー休憩室／本館3F 西駐車場口通路ベビー休憩室／ANNEX1Fベビー休憩室,,,,,,1,1,1,,,,,,,,,2026-09-23
流山おおたかの森きらきら保育園,35.872017,139.919742,赤ちゃんほっとスペース,外出のとちゅうに立ち寄れる、市が認定した赤ちゃんほっとスペースです。授乳・おむつ替えができます（調乳用のお湯もあります）。,https://www.city.nagareyama.chiba.jp/institution/1042534.html,流山市 赤ちゃんほっとスペース,,,,04-7157-6464,,,,,,,1,1,1,,,,,,,,,2026-09-23
流山市おおたかの森ホール,35.872655,139.925103,赤ちゃんほっとスペース,8時30分から22時に開いています（赤ちゃんほっとスペース）。休みは原則、臨時保守休館を除き開館。授乳・おむつ替えができます（調乳用のお湯もあります）。流山おおたかの森駅から徒歩1分。,https://www.starts-otakanomorihall.com/,スターツおおたかの森ホール,https://www.city.nagareyama.chiba.jp/institution/1004311/1004333/1020984.html,文化施設 > スターツおおたかの森ホール・生涯学習センター（流山エルズ）,,04-7186-7638,,8時30分から22時,原則、臨時保守休館を除き開館,,,,1,1,1,,授乳室・多目的トイレ・車いす用トイレ・段差のない出入口・エレベーター・駐車場,流山おおたかの森駅,1,,令和8年7月1日,,,2026-09-23
流山市上下水道局,35.87271,139.9184,赤ちゃんほっとスペース,赤ちゃんほっとスペースです。授乳・おむつ替えができます（調乳用のお湯もあります）。,https://www.city.nagareyama.chiba.jp/institution/1004722/1004723.html,流山市 施設案内,https://www.city.nagareyama.chiba.jp/institution/1004722/1004723.html,水道施設,,04-7159-5315,,,,,,,1,1,1,,授乳室・多目的トイレ・車いす用トイレ・段差のない出入口・エレベーター・駐車場・AED,,,,令和7年11月21日,,,2026-09-23
流山市保健センター,35.879964,139.917775,赤ちゃんほっとスペース,午前8時30分～午後5時15分に開いています（赤ちゃんほっとスペース）。貸出用ベビーカーがあります。授乳・おむつ替えができます。初石駅から徒歩8分。,https://www.city.nagareyama.chiba.jp/institution/1004040/1004041.html,流山市 施設案内,https://www.city.nagareyama.chiba.jp/institution/1004040/1004041.html,保健施設,,04-7154-0331,,午前8時30分～午後5時15分,土曜日、日曜日、祝日、年末年始（12月29日～1月3日）,,,,1,1,,1,貸出用ベビーカー・多目的トイレ・段差のない出入口・エレベーター・駐車場・AED,初石駅,8,,令和8年7月23日,,,2026-09-23
流山市役所,35.856271,139.902899,赤ちゃんほっとスペース,赤ちゃんほっとスペースです。授乳・おむつ替えができます（調乳用のお湯もあります）。,https://transfer.navitime.biz/tobubus/pc/diagram/OriginalDiagram?stopCode=62382&destinationCode=021&date=2024-11-18&stopName=%E5%8D%97%E6%B5%81%E5%B1%B1%E9%A7%85&destinationName=%E6%B5%81%E5%B1%B1%E3%81%8A%E3%81%8A%E3%81%9F%E3%81%8B%E3%81%AE%E6%A3%AE%E9%A7%85%E8%A5%BF%E5%8F%A3%E3%83%BB%E3%82%AF%E3%83%AA%E3%83%BC%E3%83%B3%E3%82%BB%E3%83%B3%E3%82%BF%E3%83%BC,東武バス：「流山おおたかの森駅西口」行き または「クリーンセンター」行き,https://www.city.nagareyama.chiba.jp/institution/1004033/1004034.html,市役所・出張所,,04-7158-1111,,,,,,,1,1,1,,,,,,令和8年5月13日,,,2026-09-23
流山市生涯学習センター,35.853607,139.917528,赤ちゃんほっとスペース,9時から21時に開いています（赤ちゃんほっとスペース）。授乳・おむつ替えができます（調乳用のお湯もあります）。流山セントラルパーク駅から徒歩3分。,https://nagareyama-shougaigakushucenter.jp/,生涯学習センター（流山エルズ）,https://www.city.nagareyama.chiba.jp/institution/1004311/1004333/1004334.html,文化施設 > スターツおおたかの森ホール・生涯学習センター（流山エルズ）,,04-7150-7474,,9時から21時,毎月第3水曜日（第3水曜日が祝日の場合はその翌日）  年末年始,,,,1,1,1,,多目的トイレ・車いす用トイレ・段差のない出入口・エレベーター・駐車場・AED,流山セントラルパーク駅,3,,令和8年5月2日,,,2026-09-23
流山市立中野久木保育所,35.895073,139.900045,赤ちゃんほっとスペース,外出のとちゅうに立ち寄れる、市が認定した赤ちゃんほっとスペースです。授乳・おむつ替えができます。,https://www.city.nagareyama.chiba.jp/institution/1042534.html,流山市 赤ちゃんほっとスペース,,,,04-7152-0921,,,,,,,1,1,,,,,,,,,,2026-09-23
流山市立向小金保育所,35.83969,139.950323,赤ちゃんほっとスペース,外出のとちゅうに立ち寄れる、市が認定した赤ちゃんほっとスペースです。授乳・おむつ替えができます。,https://www.city.nagareyama.chiba.jp/institution/1042534.html,流山市 赤ちゃんほっとスペース,,,,04-7174-5217,,,,,,,1,1,,,,,,,,,,2026-09-23
流山市立平和台保育所,35.854035,139.903891,赤ちゃんほっとスペース,外出のとちゅうに立ち寄れる、市が認定した赤ちゃんほっとスペースです。授乳・おむつ替えができます。,https://www.city.nagareyama.chiba.jp/institution/1042534.html,流山市 赤ちゃんほっとスペース,,,,04-7158-1424,,,,,,,1,1,,,,,,,,,,2026-09-23
流山市立東深井保育所,35.909334,139.908891,赤ちゃんほっとスペース,外出のとちゅうに立ち寄れる、市が認定した赤ちゃんほっとスペースです。授乳・おむつ替えができます。,https://www.city.nagareyama.chiba.jp/institution/1042534.html,流山市 赤ちゃんほっとスペース,,,,04-7154-6025,,,,,,,1,1,,,,,,,,,,2026-09-23
流山市立江戸川台保育所,35.900047,139.912755,赤ちゃんほっとスペース,外出のとちゅうに立ち寄れる、市が認定した赤ちゃんほっとスペースです。授乳・おむつ替えができます。,https://www.city.nagareyama.chiba.jp/institution/1042534.html,流山市 赤ちゃんほっとスペース,,,,04-7152-0611,,,,,,,1,1,,,,,,,,,,2026-09-23
生活クラブ風の村　わらしこ保育園流山（地域子育て支援センターわらしこ）,35.862117,139.905693,赤ちゃんほっとスペース,外出のとちゅうに立ち寄れる、市が認定した赤ちゃんほっとスペースです。授乳・おむつ替えができます（調乳用のお湯もあります）。,https://www.city.nagareyama.chiba.jp/institution/1042534.html,流山市 赤ちゃんほっとスペース,,,,04-7150-5002,,,,,,,1,1,1,,,,,,,,,2026-09-23
聖華いつき保育園,35.83814,139.907371,赤ちゃんほっとスペース,外出のとちゅうに立ち寄れる、市が認定した赤ちゃんほっとスペースです。授乳・おむつ替えができます。,https://www.city.nagareyama.chiba.jp/institution/1042534.html,流山市 赤ちゃんほっとスペース,,,,04-7158-1145,,,,,,,1,1,,,,,,,,,,2026-09-23
聖華マリン保育園,35.8799,139.9266,赤ちゃんほっとスペース,外出のとちゅうに立ち寄れる、市が認定した赤ちゃんほっとスペースです。授乳・おむつ替えができます（調乳用のお湯もあります）。,https://www.city.nagareyama.chiba.jp/institution/1042534.html,流山市 赤ちゃんほっとスペース,,,,04-7154-5252,,,,,,,1,1,1,,,,,,,,,2026-09-23
