{"type": "FeatureCollection", "attribution": "© OpenStreetMap contributors", "features": [{"type": "Feature", "properties": {"name": "つくばエクスプレス", "operator": "首都圏新都市鉄道", "length_m": 31007}, "geometry": {"type": "LineString", "coordinates": [[140.007443, 35.965911], [140.007134, 35.965559], [140.006869, 35.965214], [140.006658, 35.964912], [140.006465, 35.964613], [140.005923, 35.963633], [140.005286, 35.962449], [140.004751, 35.961465], [140.004395, 35.960807], [140.004228, 35.960477], [140.003879, 35.959781], [140.003713, 35.959451], [140.003541, 35.959119], [140.00345, 35.958946], [140.003121, 35.958333], [140.002764, 35.957671], [140.002408, 35.957011], [140.002036, 35.956365], [140.001838, 35.956007], [140.001622, 35.955688], [140.001412, 35.955385], [140.001171, 35.955092], [140.000906, 35.954803], [140.000645, 35.954533], [140.000347, 35.954239], [140.000128, 35.954057], [140.000103, 35.954037], [139.999815, 35.953801], [139.999486, 35.953567], [139.99922, 35.953379], [139.998801, 35.95312], [139.998398, 35.952898], [139.997993, 35.952689], [139.997512, 35.95246], [139.996957, 35.952225], [139.996278, 35.951929], [139.995933, 35.951773], [139.995642, 35.951649], [139.995299, 35.951495], [139.994846, 35.951299], [139.99443, 35.951101], [139.993944, 35.950874], [139.993177, 35.950525], [139.992564, 35.950253], [139.991902, 35.949971], [139.991338, 35.949737], [139.990678, 35.949465], [139.990122, 35.949255], [139.989746, 35.949105], [139.98891, 35.948773], [139.988416, 35.948575], [139.988049, 35.948418], [139.987655, 35.948246], [139.987269, 35.948079], [139.986894, 35.947917], [139.986437, 35.947725], [139.986023, 35.947571], [139.985612, 35.947428], [139.985193, 35.947302], [139.984823, 35.947199], [139.984427, 35.947112], [139.983983, 35.947031], [139.983544, 35.946961], [139.983062, 35.946893], [139.982599, 35.946827], [139.982128, 35.94676], [139.981666, 35.946694], [139.981179, 35.946627], [139.980681, 35.946559], [139.980269, 35.946499], [139.979788, 35.946416], [139.979416, 35.946345], [139.978975, 35.946242], [139.978603, 35.946138], [139.978102, 35.945981], [139.977607, 35.945793], [139.977151, 35.945596], [139.976731, 35.945402], [139.976329, 35.94519], [139.97595, 35.944968], [139.975546, 35.944704], [139.975193, 35.944447], [139.974863, 35.944186], [139.974516, 35.943883], [139.974192, 35.943571], [139.973883, 35.943239], [139.973626, 35.942935], [139.973388, 35.94262], [139.973167, 35.942302], [139.972934, 35.941937], [139.972728, 35.941618], [139.972512, 35.941269], [139.972292, 35.940925], [139.972085, 35.940597], [139.971867, 35.940248], [139.971658, 35.939916], [139.971432, 35.939552], [139.971191, 35.939169], [139.970989, 35.938873], [139.970803, 35.93856], [139.970626, 35.938262], [139.970435, 35.937941], [139.970234, 35.93765], [139.969891, 35.937111], [139.969648, 35.936715], [139.969422, 35.936354], [139.969234, 35.936053], [139.969024, 35.935731], [139.968824, 35.935397], [139.968615, 35.93507], [139.968428, 35.934789], [139.968216, 35.934452], [139.968031, 35.934141], [139.967826, 35.93382], [139.967616, 35.933495], [139.967268, 35.932945], [139.967058, 35.932623], [139.964958, 35.929218], [139.963597, 35.927036], [139.962243, 35.924925], [139.962058, 35.924635], [139.961868, 35.924301], [139.961668, 35.923967], [139.961486, 35.923641], [139.96134, 35.923336], [139.961189, 35.923007], [139.961032, 35.922642], [139.960904, 35.922295], [139.960779, 35.921911], [139.960656, 35.921564], [139.960579, 35.921272], [139.960452, 35.920866], [139.960352, 35.920509], [139.960269, 35.920175], [139.960153, 35.919824], [139.960044, 35.91946], [139.959932, 35.919103], [139.95983, 35.918746], [139.959727, 35.918367], [139.959634, 35.918058], [139.959551, 35.917781], [139.959467, 35.917481], [139.959328, 35.917007], [139.959214, 35.916603], [139.95909, 35.916183], [139.958961, 35.915712], [139.958851, 35.915304], [139.958734, 35.914921], [139.958605, 35.914509], [139.958483, 35.91411], [139.958368, 35.91368], [139.958278, 35.913299], [139.958172, 35.912956], [139.957942, 35.912193], [139.957909, 35.912069], [139.957796, 35.911691], [139.957733, 35.911466], [139.957702, 35.911361], [139.957587, 35.910969], [139.957396, 35.91033], [139.957322, 35.910069], [139.957238, 35.909756], [139.95712, 35.909345], [139.957023, 35.908987], [139.956912, 35.90857], [139.956785, 35.908187], [139.956737, 35.907972], [139.956597, 35.907524], [139.956491, 35.907146], [139.956363, 35.906682], [139.956262, 35.906328], [139.956154, 35.905987], [139.956047, 35.905598], [139.955951, 35.905252], [139.95585, 35.90493], [139.955741, 35.904553], [139.955641, 35.904196], [139.955545, 35.903836], [139.955446, 35.903524], [139.955346, 35.903144], [139.955225, 35.902727], [139.955122, 35.902363], [139.95499, 35.901904], [139.954875, 35.901523], [139.954762, 35.901132], [139.954649, 35.900735], [139.954533, 35.900334], [139.954425, 35.89996], [139.954313, 35.899544], [139.954188, 35.899129], [139.954097, 35.898793], [139.953975, 35.898382], [139.953863, 35.897991], [139.953782, 35.89771], [139.953672, 35.897308], [139.953547, 35.896916], [139.953474, 35.896642], [139.953379, 35.896316], [139.953264, 35.895901], [139.95314, 35.895485], [139.953001, 35.895011], [139.952907, 35.894661], [139.952815, 35.894334], [139.952717, 35.894005], [139.952549, 35.893417], [139.952346, 35.892688], [139.952263, 35.892433], [139.952183, 35.892141], [139.95207, 35.89179], [139.951953, 35.891452], [139.951805, 35.89108], [139.95168, 35.89078], [139.95153, 35.890484], [139.951343, 35.890141], [139.951146, 35.889802], [139.95092, 35.889472], [139.950667, 35.889147], [139.950418, 35.888842], [139.950128, 35.888523], [139.949841, 35.888233], [139.949597, 35.887996], [139.949266, 35.887709], [139.948971, 35.887468], [139.948609, 35.887202], [139.94828, 35.886971], [139.947905, 35.886738], [139.947512, 35.886512], [139.947113, 35.886304], [139.946703, 35.886103], [139.946333, 35.885925], [139.945946, 35.885751], [139.945545, 35.885571], [139.94513, 35.885385], [139.944689, 35.885175], [139.944293, 35.884995], [139.943809, 35.88477], [139.943321, 35.884542], [139.94289, 35.884339], [139.942416, 35.884118], [139.94198, 35.883919], [139.941555, 35.883713], [139.94112, 35.88351], [139.940307, 35.883134], [139.939821, 35.882911], [139.939426, 35.882722], [139.939063, 35.882558], [139.938635, 35.882366], [139.938246, 35.882183], [139.937835, 35.881985], [139.937441, 35.881805], [139.936972, 35.881579], [139.936515, 35.881353], [139.936151, 35.881158], [139.935798, 35.880959], [139.935458, 35.880767], [139.935097, 35.880554], [139.934739, 35.880329], [139.934409, 35.880115], [139.934114, 35.879893], [139.933601, 35.879517], [139.933262, 35.879252], [139.932936, 35.878993], [139.932605, 35.87871], [139.932109, 35.878273], [139.931835, 35.878023], [139.931542, 35.877756], [139.931041, 35.87729], [139.930659, 35.876941], [139.930351, 35.876665], [139.929816, 35.876165], [139.929601, 35.875967], [139.929492, 35.875867], [139.929196, 35.875596], [139.928856, 35.875282], [139.928572, 35.875021], [139.928203, 35.87469], [139.927931, 35.874445], [139.92755, 35.874086], [139.926776, 35.873375], [139.926314, 35.872953], [139.926063, 35.872729], [139.925943, 35.872617], [139.925762, 35.872451], [139.925549, 35.872254], [139.925065, 35.87181], [139.924537, 35.871325], [139.924396, 35.871199], [139.924062, 35.870891], [139.923879, 35.870727], [139.923647, 35.870513], [139.923417, 35.8703], [139.923214, 35.870112], [139.92302, 35.869937], [139.922835, 35.869762], [139.922637, 35.869574], [139.922421, 35.869374], [139.922203, 35.869178], [139.921913, 35.868914], [139.921584, 35.868617], [139.921273, 35.868328], [139.920957, 35.868046], [139.920592, 35.867701], [139.920355, 35.867476], [139.919959, 35.867105], [139.919717, 35.866862], [139.919419, 35.866537], [139.919131, 35.866218], [139.918846, 35.865851], [139.918629, 35.865579], [139.918408, 35.865283], [139.918172, 35.864972], [139.917952, 35.864634], [139.91775, 35.8643], [139.917548, 35.863928], [139.917372, 35.863618], [139.917197, 35.863274], [139.917022, 35.862901], [139.916867, 35.862533], [139.916727, 35.862179], [139.916599, 35.861822], [139.916479, 35.861445], [139.916366, 35.861066], [139.91628, 35.860675], [139.916204, 35.860333], [139.916141, 35.859958], [139.916078, 35.859575], [139.916002, 35.859123], [139.915941, 35.858736], [139.915872, 35.858351], [139.91581, 35.857972], [139.915757, 35.857619], [139.915704, 35.857242], [139.915638, 35.856857], [139.91557, 35.856445], [139.915513, 35.856088], [139.915457, 35.855744], [139.915355, 35.855112], [139.915257, 35.854584], [139.915166, 35.853992], [139.915114, 35.853723], [139.915049, 35.853374], [139.914982, 35.853006], [139.914913, 35.852621], [139.914825, 35.852263], [139.914746, 35.851971], [139.914569, 35.851514], [139.914439, 35.851183], [139.914316, 35.850927], [139.914142, 35.850597], [139.913951, 35.850257], [139.913736, 35.849924], [139.913512, 35.849619], [139.913297, 35.849333], [139.913078, 35.849078], [139.91278, 35.848747], [139.912435, 35.848405], [139.911969, 35.847989], [139.911068, 35.847273], [139.910229, 35.846665], [139.910031, 35.846545], [139.909882, 35.846427], [139.909773, 35.846336], [139.909516, 35.846081], [139.90931, 35.845878], [139.909064, 35.845613], [139.908881, 35.845411], [139.908762, 35.84528], [139.908643, 35.845137], [139.908355, 35.844749], [139.908081, 35.844298], [139.907773, 35.843668], [139.907649, 35.843379], [139.907511, 35.842965], [139.907419, 35.842644], [139.907374, 35.84239], [139.907277, 35.84202], [139.906937, 35.841365], [139.906759, 35.840991], [139.906548, 35.840635], [139.906329, 35.840379], [139.906051, 35.840209], [139.905545, 35.839905], [139.90484, 35.839483], [139.904541, 35.839297], [139.903939, 35.838941], [139.903693, 35.838789], [139.903577, 35.838717], [139.903207, 35.838493], [139.903128, 35.838445], [139.902777, 35.838229], [139.901337, 35.837353], [139.900423, 35.836801], [139.899912, 35.836488], [139.899674, 35.836298], [139.898811, 35.835433], [139.898506, 35.835135], [139.898197, 35.834853], [139.897604, 35.834307], [139.897537, 35.834247], [139.897174, 35.833978], [139.896577, 35.833569], [139.896275, 35.833379], [139.895846, 35.833122], [139.895322, 35.832864], [139.895006, 35.832711], [139.894835, 35.832623], [139.894528, 35.832486], [139.89417, 35.832337], [139.893792, 35.83219], [139.893391, 35.832052], [139.89297, 35.831923], [139.892545, 35.831806], [139.892077, 35.831693], [139.891642, 35.8316], [139.89096, 35.831485], [139.890142, 35.831389], [139.887362, 35.831194], [139.886956, 35.831158], [139.886597, 35.831117], [139.885896, 35.831002], [139.885612, 35.830936], [139.88528, 35.830854], [139.884874, 35.830741], [139.884492, 35.830606], [139.884071, 35.830474], [139.883696, 35.830306], [139.883308, 35.830113], [139.882899, 35.829885], [139.882515, 35.82965], [139.882149, 35.829412], [139.88185, 35.829186], [139.88153, 35.828921], [139.881181, 35.828594], [139.880946, 35.828364], [139.88068, 35.82806], [139.880501, 35.827829], [139.88028, 35.827535], [139.880087, 35.827244], [139.879903, 35.826959], [139.879689, 35.826594], [139.879454, 35.826206], [139.879244, 35.825864], [139.879048, 35.825548], [139.878852, 35.825226], [139.878731, 35.825032], [139.878403, 35.824516], [139.878066, 35.82398], [139.8779, 35.823738], [139.877659, 35.823429], [139.8774, 35.823143], [139.877128, 35.82286], [139.876496, 35.822305], [139.876248, 35.822113], [139.875922, 35.821882], [139.875642, 35.821705], [139.875351, 35.821536], [139.87485, 35.82127], [139.874405, 35.82107], [139.874035, 35.820903], [139.87366, 35.820768], [139.873359, 35.820668], [139.872672, 35.820486], [139.871802, 35.820292], [139.870267, 35.819955], [139.869441, 35.819774], [139.866518, 35.819139], [139.865603, 35.818961], [139.864768, 35.818777], [139.864044, 35.818621], [139.863282, 35.818448], [139.862654, 35.8183], [139.862139, 35.818163], [139.861624, 35.818], [139.86104, 35.817797], [139.860533, 35.817606], [139.860148, 35.817449], [139.859603, 35.817199], [139.858885, 35.816834], [139.857365, 35.815954], [139.855944, 35.815141], [139.854808, 35.814462], [139.853036, 35.81344], [139.85228, 35.812994], [139.851676, 35.812633], [139.851138, 35.812289], [139.850829, 35.812072], [139.850369, 35.811735], [139.849674, 35.811194], [139.849307, 35.810913], [139.848115, 35.810008], [139.84717, 35.809315], [139.846351, 35.808725], [139.84547, 35.808086], [139.844924, 35.807716], [139.843937, 35.807042], [139.84317, 35.806532], [139.842767, 35.806268], [139.842287, 35.805941], [139.841567, 35.80543], [139.840106, 35.804391], [139.839478, 35.803999], [139.839007, 35.803728], [139.836882, 35.802599], [139.836335, 35.802313], [139.835149, 35.801696], [139.8346, 35.801399], [139.834434, 35.801319], [139.834273, 35.801237], [139.832142, 35.800242], [139.831954, 35.800174], [139.831655, 35.800087], [139.828562, 35.799418], [139.827406, 35.799135], [139.827124, 35.799033], [139.826855, 35.798917], [139.826613, 35.798808], [139.826293, 35.798639], [139.826092, 35.798522], [139.825924, 35.79841], [139.82576, 35.798291], [139.825574, 35.79813], [139.824908, 35.797403], [139.823068, 35.795289], [139.822662, 35.794816], [139.822479, 35.79455], [139.822313, 35.794311], [139.82224, 35.794087], [139.822184, 35.793743], [139.822163, 35.793544], [139.822142, 35.792996], [139.822207, 35.787677], [139.822058, 35.786325], [139.821962, 35.785315], [139.821898, 35.784855], [139.8218, 35.783962], [139.821752, 35.783567], [139.821537, 35.781837], [139.821423, 35.779575], [139.821363, 35.778535], [139.821314, 35.778044], [139.821176, 35.777271], [139.821044, 35.776735], [139.820788, 35.775265], [139.82067, 35.774692], [139.82053, 35.773913], [139.820461, 35.773238], [139.82039, 35.772169], [139.820347, 35.771743], [139.82032, 35.771308], [139.820229, 35.769853], [139.820209, 35.76975], [139.820155, 35.769461], [139.820122, 35.769357], [139.820096, 35.769276], [139.819828, 35.768562], [139.819167, 35.76693], [139.818382, 35.764864], [139.818124, 35.764323], [139.817879, 35.763877], [139.816913, 35.762515], [139.816578, 35.762096], [139.816284, 35.761797], [139.816115, 35.761645], [139.815913, 35.761497], [139.815622, 35.761317], [139.815281, 35.761135], [139.814608, 35.760879], [139.814083, 35.760709]]}}, {"type": "Feature", "properties": {"name": "つくばエクスプレス", "operator": "首都圏新都市鉄道", "length_m": 30996}, "geometry": {"type": "LineString", "coordinates": [[139.814064, 35.760751], [139.814587, 35.760921], [139.815255, 35.761175], [139.81559, 35.761354], [139.815878, 35.761532], [139.816076, 35.761677], [139.816242, 35.761826], [139.816533, 35.762122], [139.816866, 35.762538], [139.817829, 35.763897], [139.818073, 35.76434], [139.818329, 35.764878], [139.819115, 35.766943], [139.819775, 35.768576], [139.820043, 35.769289], [139.820101, 35.76947], [139.820154, 35.769754], [139.820263, 35.771314], [139.820289, 35.771746], [139.820335, 35.772172], [139.820405, 35.773241], [139.820475, 35.773918], [139.820616, 35.774699], [139.820733, 35.775272], [139.820989, 35.776742], [139.821104, 35.777285], [139.821126, 35.7774], [139.821259, 35.778049], [139.821272, 35.778173], [139.821308, 35.778538], [139.821367, 35.779577], [139.821479, 35.781789], [139.821482, 35.78184], [139.821575, 35.782593], [139.821685, 35.78347], [139.821697, 35.783572], [139.821745, 35.783967], [139.821846, 35.784858], [139.821907, 35.785319], [139.822002, 35.786329], [139.822152, 35.787679], [139.822087, 35.792997], [139.822108, 35.793547], [139.822129, 35.793747], [139.822186, 35.794095], [139.822261, 35.794328], [139.822431, 35.794572], [139.822615, 35.79484], [139.823023, 35.795314], [139.824863, 35.797429], [139.825532, 35.798158], [139.825721, 35.798324], [139.825888, 35.798444], [139.826059, 35.798558], [139.826262, 35.798676], [139.826585, 35.798847], [139.826829, 35.798957], [139.8271, 35.799073], [139.827387, 35.799177], [139.828547, 35.799461], [139.831639, 35.80013], [139.831933, 35.800216], [139.832117, 35.800282], [139.834246, 35.801276], [139.834405, 35.80135], [139.834574, 35.801433], [139.835128, 35.801722], [139.836319, 35.802341], [139.83686, 35.802628], [139.838984, 35.803754], [139.83945, 35.80402], [139.84008, 35.804413], [139.840378, 35.804626], [139.841538, 35.805454], [139.842262, 35.805985], [139.843075, 35.806623], [139.844113, 35.807428], [139.844743, 35.807888], [139.845407, 35.808355], [139.845923, 35.808729], [139.846937, 35.809461], [139.84793, 35.810175], [139.84934, 35.811138], [139.849942, 35.811558], [139.850332, 35.811818], [139.850826, 35.812147], [139.851281, 35.812437], [139.851902, 35.812815], [139.853017, 35.813467], [139.854786, 35.814489], [139.855914, 35.815158], [139.857342, 35.815982], [139.858862, 35.816854], [139.859595, 35.817231], [139.860131, 35.81747], [139.860553, 35.817649], [139.861106, 35.81785], [139.861554, 35.818006], [139.861966, 35.81814], [139.862489, 35.818288], [139.863016, 35.81842], [139.863556, 35.818548], [139.864114, 35.818667], [139.864695, 35.818792], [139.865324, 35.81893], [139.866505, 35.819168], [139.86943, 35.819811], [139.871783, 35.820321], [139.872664, 35.820523], [139.87333, 35.820699], [139.873648, 35.8208], [139.874075, 35.820955], [139.874381, 35.821096], [139.874824, 35.8213], [139.875327, 35.821565], [139.875622, 35.821734], [139.875886, 35.821905], [139.87622, 35.822135], [139.876471, 35.822331], [139.877091, 35.822881], [139.877368, 35.823163], [139.877634, 35.823458], [139.877873, 35.823759], [139.878046, 35.823994], [139.87838, 35.824528], [139.878704, 35.825046], [139.878817, 35.825237], [139.879013, 35.825563], [139.879215, 35.825878], [139.879421, 35.82622], [139.879661, 35.826611], [139.879872, 35.826972], [139.880058, 35.827261], [139.880251, 35.827552], [139.880465, 35.827843], [139.880653, 35.828073], [139.880922, 35.828382], [139.881149, 35.828605], [139.881506, 35.828941], [139.881828, 35.829208], [139.882126, 35.82943], [139.88249, 35.829673], [139.882875, 35.829907], [139.88329, 35.830139], [139.883678, 35.830328], [139.884059, 35.830495], [139.884473, 35.830632], [139.884852, 35.830768], [139.885271, 35.830888], [139.885604, 35.830966], [139.885886, 35.831033], [139.886253, 35.8311], [139.886604, 35.831154], [139.886927, 35.831193], [139.887345, 35.831229], [139.890134, 35.831417], [139.890956, 35.831514], [139.891625, 35.831631], [139.892052, 35.831719], [139.892541, 35.83184], [139.892957, 35.831952], [139.893092, 35.831993], [139.893373, 35.832079], [139.893767, 35.832216], [139.89416, 35.832371], [139.894542, 35.832534], [139.894996, 35.832743], [139.895738, 35.833123], [139.896365, 35.833498], [139.896807, 35.833789], [139.89746, 35.834252], [139.898536, 35.835232], [139.898852, 35.83555], [139.899674, 35.836364], [139.899955, 35.836573], [139.900444, 35.836875], [139.901724, 35.83774], [139.902201, 35.838067], [139.903018, 35.838574], [139.903877, 35.839094], [139.904327, 35.839305], [139.904797, 35.839521], [139.905521, 35.839956], [139.906111, 35.840313], [139.906276, 35.840413], [139.906493, 35.840649], [139.906674, 35.840955], [139.906865, 35.84134], [139.907002, 35.841609], [139.907217, 35.842025], [139.907297, 35.842371], [139.907399, 35.842801], [139.907458, 35.842992], [139.907579, 35.843338], [139.907721, 35.843695], [139.907895, 35.844021], [139.908156, 35.844484], [139.90839, 35.844836], [139.908634, 35.845152], [139.908845, 35.84541], [139.909137, 35.845725], [139.90943, 35.846019], [139.909657, 35.846243], [139.909715, 35.846303], [139.90979, 35.846368], [139.909965, 35.846517], [139.91035, 35.846761], [139.911026, 35.847307], [139.911618, 35.847755], [139.911935, 35.848017], [139.91241, 35.848437], [139.912743, 35.84877], [139.913035, 35.849093], [139.913264, 35.849349], [139.913484, 35.849652], [139.913698, 35.849945], [139.91391, 35.850279], [139.914099, 35.850608], [139.914276, 35.850942], [139.914393, 35.851192], [139.914534, 35.851535], [139.914666, 35.851876], [139.914787, 35.852266], [139.914874, 35.852632], [139.914953, 35.853009], [139.915021, 35.853372], [139.915088, 35.853727], [139.915138, 35.853997], [139.915218, 35.854589], [139.915318, 35.855116], [139.915425, 35.855743], [139.915477, 35.856089], [139.915496, 35.8562], [139.915538, 35.85645], [139.915606, 35.856864], [139.915676, 35.857249], [139.915729, 35.85762], [139.915784, 35.857977], [139.915846, 35.858357], [139.91591, 35.85874], [139.91597, 35.859125], [139.916048, 35.859577], [139.916112, 35.85996], [139.916177, 35.86033], [139.916252, 35.860685], [139.916337, 35.86107], [139.916454, 35.861447], [139.916577, 35.861828], [139.916706, 35.862189], [139.916846, 35.86254], [139.917002, 35.862909], [139.917174, 35.863281], [139.917348, 35.863622], [139.917528, 35.863947], [139.917728, 35.864313], [139.917927, 35.864642], [139.918148, 35.864983], [139.918387, 35.865298], [139.9186, 35.865585], [139.918818, 35.865867], [139.91911, 35.866229], [139.91939, 35.866557], [139.919688, 35.866875], [139.919939, 35.867126], [139.920325, 35.867497], [139.92057, 35.867719], [139.920939, 35.868061], [139.921252, 35.868349], [139.921566, 35.868639], [139.921896, 35.868936], [139.922176, 35.869191], [139.922401, 35.869395], [139.922614, 35.869597], [139.922817, 35.869782], [139.923, 35.869952], [139.923185, 35.870128], [139.923394, 35.870318], [139.923625, 35.870531], [139.923852, 35.870751], [139.924084, 35.870966], [139.924364, 35.871215], [139.924511, 35.871347], [139.925038, 35.87183], [139.92552, 35.872273], [139.925695, 35.872442], [139.925907, 35.872632], [139.926125, 35.872831], [139.926277, 35.872966], [139.926725, 35.873375], [139.92755, 35.874134], [139.927908, 35.874467], [139.928177, 35.87471], [139.928547, 35.875043], [139.928836, 35.875305], [139.929167, 35.875609], [139.929463, 35.875881], [139.929576, 35.875986], [139.929796, 35.876185], [139.930328, 35.876687], [139.930543, 35.876885], [139.930896, 35.877208], [139.931161, 35.877448], [139.931513, 35.877777], [139.931801, 35.878038], [139.93208, 35.878295], [139.932563, 35.878736], [139.932905, 35.879012], [139.933252, 35.879294], [139.933539, 35.879519], [139.933784, 35.879701], [139.934105, 35.87993], [139.934371, 35.880128], [139.934704, 35.88036], [139.935059, 35.880581], [139.935428, 35.8808], [139.935778, 35.880999], [139.936124, 35.881193], [139.936486, 35.881389], [139.936952, 35.881608], [139.937423, 35.881835], [139.937816, 35.882016], [139.938232, 35.88221], [139.938623, 35.882395], [139.939038, 35.882588], [139.939406, 35.882754], [139.939809, 35.882942], [139.940292, 35.883168], [139.940632, 35.883328], [139.941095, 35.883534], [139.941523, 35.883738], [139.941964, 35.883947], [139.942402, 35.884145], [139.942879, 35.884369], [139.943307, 35.884568], [139.94379, 35.884791], [139.944275, 35.88502], [139.944672, 35.885204], [139.945117, 35.88541], [139.945532, 35.885595], [139.945935, 35.885773], [139.946315, 35.885951], [139.946683, 35.88613], [139.947098, 35.886329], [139.947491, 35.886533], [139.947884, 35.886763], [139.94826, 35.887], [139.948586, 35.887222], [139.94895, 35.887491], [139.94924, 35.887732], [139.949566, 35.888011], [139.949819, 35.888254], [139.950103, 35.888537], [139.950388, 35.888854], [139.95065, 35.88917], [139.950896, 35.889485], [139.951116, 35.889815], [139.951318, 35.890158], [139.951499, 35.890494], [139.951639, 35.890799], [139.951772, 35.891082], [139.951917, 35.891451], [139.952028, 35.891795], [139.952148, 35.892147], [139.952225, 35.892423], [139.952298, 35.892688], [139.952506, 35.893419], [139.952778, 35.894357], [139.952869, 35.894672], [139.952964, 35.895001], [139.953104, 35.89549], [139.953217, 35.895909], [139.953345, 35.896332], [139.953415, 35.896584], [139.953497, 35.896867], [139.953601, 35.897229], [139.95373, 35.897686], [139.953824, 35.897996], [139.953916, 35.898346], [139.954012, 35.898669], [139.954135, 35.899101], [139.954254, 35.899486], [139.954374, 35.899901], [139.954468, 35.900258], [139.954587, 35.900683], [139.954728, 35.901157], [139.954822, 35.901508], [139.954936, 35.901874], [139.955059, 35.9023], [139.95516, 35.902663], [139.955294, 35.903134], [139.955394, 35.903484], [139.955505, 35.903839], [139.955602, 35.904218], [139.955665, 35.904438], [139.955805, 35.904894], [139.955899, 35.90523], [139.955998, 35.905583], [139.956114, 35.906001], [139.956213, 35.906317], [139.95632, 35.906683], [139.956416, 35.906994], [139.956553, 35.907491], [139.956647, 35.907829], [139.95668, 35.907956], [139.956744, 35.908156], [139.956848, 35.908541], [139.956976, 35.908981], [139.957078, 35.909351], [139.957205, 35.909783], [139.957296, 35.910125], [139.957357, 35.910337], [139.957546, 35.910974], [139.957692, 35.911478], [139.957761, 35.911703], [139.957863, 35.912074], [139.957896, 35.912197], [139.958042, 35.912666], [139.958126, 35.912939], [139.958218, 35.913269], [139.95831, 35.913614], [139.958415, 35.914014], [139.958584, 35.914541], [139.958671, 35.914886], [139.958798, 35.915242], [139.958898, 35.915647], [139.959036, 35.916129], [139.95915, 35.916509], [139.959268, 35.916889], [139.959397, 35.917364], [139.959492, 35.917712], [139.959592, 35.918054], [139.959678, 35.918369], [139.959782, 35.918724], [139.959882, 35.919074], [139.960005, 35.91947], [139.960097, 35.919836], [139.960195, 35.92015], [139.960309, 35.920528], [139.960423, 35.920929], [139.960522, 35.921269], [139.960608, 35.921601], [139.960735, 35.921951], [139.960839, 35.922272], [139.960982, 35.922656], [139.961112, 35.922986], [139.961271, 35.92335], [139.961438, 35.92365], [139.961604, 35.923995], [139.96183, 35.924326], [139.962021, 35.924644], [139.962208, 35.924964], [139.963537, 35.927046], [139.967224, 35.932966], [139.967578, 35.933513], [139.96779, 35.933841], [139.967984, 35.934146], [139.968176, 35.934462], [139.968376, 35.934779], [139.968573, 35.935088], [139.968776, 35.935414], [139.969001, 35.935768], [139.969186, 35.936065], [139.969394, 35.93639], [139.969617, 35.936726], [139.969971, 35.937305], [139.970211, 35.93769], [139.970409, 35.937962], [139.970593, 35.93828], [139.970772, 35.938578], [139.970955, 35.93889], [139.97116, 35.939188], [139.971393, 35.939562], [139.971625, 35.939929], [139.971829, 35.940253], [139.972048, 35.94061], [139.972254, 35.940939], [139.972469, 35.941283], [139.972694, 35.941632], [139.972893, 35.941949], [139.97313, 35.942313], [139.973353, 35.94264], [139.973593, 35.942955], [139.973851, 35.943258], [139.974165, 35.943596], [139.974483, 35.943908], [139.974837, 35.94421], [139.975168, 35.944479], [139.975527, 35.944732], [139.975928, 35.944995], [139.976309, 35.94522], [139.976714, 35.945433], [139.977135, 35.945631], [139.977595, 35.945827], [139.978098, 35.946017], [139.978598, 35.946174], [139.978965, 35.946275], [139.979411, 35.946379], [139.979777, 35.946452], [139.980259, 35.946531], [139.980681, 35.946593], [139.981175, 35.94666], [139.98166, 35.946728], [139.982123, 35.946796], [139.982592, 35.946861], [139.983055, 35.946926], [139.98353, 35.946995], [139.983968, 35.947063], [139.984414, 35.947143], [139.984808, 35.947239], [139.985182, 35.947338], [139.985598, 35.947462], [139.986004, 35.947599], [139.986426, 35.947759], [139.986875, 35.947949], [139.987247, 35.948109], [139.987637, 35.94828], [139.988032, 35.948449], [139.988391, 35.948607], [139.98887, 35.94883], [139.989684, 35.949211], [139.990574, 35.949635], [139.991219, 35.949937], [139.991771, 35.950173], [139.992444, 35.95047], [139.993085, 35.950737], [139.993823, 35.951051], [139.994332, 35.951254], [139.994752, 35.951427], [139.995226, 35.951618], [139.995574, 35.951765], [139.995849, 35.951881], [139.996205, 35.952039], [139.996899, 35.952331], [139.997419, 35.952561], [139.997913, 35.952781], [139.998319, 35.952994], [139.998703, 35.953215], [139.999116, 35.95347], [139.999384, 35.953649], [139.999707, 35.953888], [139.999994, 35.954125], [140.000016, 35.954143], [140.000229, 35.954327], [140.000531, 35.954603], [140.000772, 35.954853], [140.001029, 35.955149], [140.001273, 35.955461], [140.001489, 35.955745], [140.001698, 35.956057], [140.001901, 35.956394], [140.002266, 35.957058], [140.002622, 35.957719], [140.003006, 35.958426], [140.003309, 35.958992], [140.003408, 35.959164], [140.00379, 35.959835], [140.004174, 35.960491], [140.004352, 35.96081], [140.004716, 35.961478], [140.005249, 35.962465], [140.005886, 35.963646], [140.006432, 35.964632], [140.006624, 35.964927], [140.006835, 35.965227], [140.007105, 35.965575], [140.007409, 35.965928]]}}, {"type": "Feature", "properties": {"name": "常磐線", "operator": "東日本旅客鉄道", "length_m": 19658}, "geometry": {"type": "LineString", "coordinates": [[140.040674, 35.872618], [140.039327, 35.872671], [140.03849, 35.872702], [140.037475, 35.87274], [140.035685, 35.872805], [140.033184, 35.872894], [140.028423, 35.873077], [140.026397, 35.873148], [140.02285, 35.873287], [140.022469, 35.873292], [140.022076, 35.87329], [140.021787, 35.873286], [140.021522, 35.873284], [140.021221, 35.873276], [140.020695, 35.873248], [140.019089, 35.873134], [140.016565, 35.87299], [140.015012, 35.872921], [140.014384, 35.872892], [140.012319, 35.872802], [140.012069, 35.872788], [140.011212, 35.872745], [140.01077, 35.872719], [140.009691, 35.872649], [140.009269, 35.872626], [140.008694, 35.872583], [140.008105, 35.872536], [140.007718, 35.872511], [140.00726, 35.872474], [140.00687, 35.872448], [140.006669, 35.872436], [140.006257, 35.872406], [140.005755, 35.872367], [140.005502, 35.87235], [140.005175, 35.872334], [140.004496, 35.872302], [140.004009, 35.872311], [140.003764, 35.872323], [140.003298, 35.872352], [140.002816, 35.872406], [140.002395, 35.87248], [140.001482, 35.872678], [140.000618, 35.872886], [139.99985, 35.873072], [139.998779, 35.87333], [139.99779, 35.873567], [139.995874, 35.874028], [139.993749, 35.874535], [139.991478, 35.875075], [139.990991, 35.875191], [139.989246, 35.875595], [139.988819, 35.87568], [139.988399, 35.875735], [139.987935, 35.875781], [139.987502, 35.875798], [139.987041, 35.875791], [139.986593, 35.875761], [139.986146, 35.875703], [139.985732, 35.87563], [139.985299, 35.875527], [139.984875, 35.87539], [139.984593, 35.875297], [139.984091, 35.875082], [139.983676, 35.874865], [139.983099, 35.874503], [139.982714, 35.874229], [139.981853, 35.873621], [139.980992, 35.873013], [139.979308, 35.871878], [139.978648, 35.871377], [139.978153, 35.87097], [139.977705, 35.870553], [139.97743, 35.870268], [139.977094, 35.86992], [139.976497, 35.869199], [139.974877, 35.867163], [139.973092, 35.864931], [139.972406, 35.864064], [139.971914, 35.863456], [139.97104, 35.862342], [139.969964, 35.860952], [139.969538, 35.860393], [139.969264, 35.86002], [139.968752, 35.859365], [139.968144, 35.858587], [139.962844, 35.851882], [139.961785, 35.850599], [139.961271, 35.850023], [139.9607, 35.849431], [139.959197, 35.848083], [139.95832, 35.847369], [139.957396, 35.846703], [139.955951, 35.84571], [139.955574, 35.845478], [139.955194, 35.845261], [139.954385, 35.844825], [139.953269, 35.844267], [139.951306, 35.843344], [139.948252, 35.841869], [139.946912, 35.841218], [139.942709, 35.83918], [139.939864, 35.837803], [139.937714, 35.836728], [139.935758, 35.835738], [139.93378, 35.834779], [139.932637, 35.834232], [139.932311, 35.834069], [139.930936, 35.833416], [139.929214, 35.832587], [139.928274, 35.832127], [139.927331, 35.831665], [139.926644, 35.831323], [139.925922, 35.83095], [139.925531, 35.830727], [139.925193, 35.830502], [139.924871, 35.830268], [139.92427, 35.829797], [139.923286, 35.828865], [139.923021, 35.828574], [139.922708, 35.828203], [139.922385, 35.827791], [139.922082, 35.827377], [139.921755, 35.8269], [139.921484, 35.826454], [139.921348, 35.826209], [139.921222, 35.825953], [139.921066, 35.825566], [139.920945, 35.825222], [139.920846, 35.82485], [139.920752, 35.824498], [139.92061, 35.823836], [139.92044, 35.823164], [139.919913, 35.821282], [139.919877, 35.821149], [139.919749, 35.82074], [139.919581, 35.820143], [139.919306, 35.819194], [139.91911, 35.8185], [139.918718, 35.817151], [139.918203, 35.815341], [139.917892, 35.814215], [139.917584, 35.813077], [139.917315, 35.812128], [139.916709, 35.80987], [139.916086, 35.807602], [139.915955, 35.807155], [139.915806, 35.806714], [139.915629, 35.806277], [139.915427, 35.805851], [139.915198, 35.805431], [139.914944, 35.805021], [139.913978, 35.803578], [139.913844, 35.803376], [139.913728, 35.803216], [139.913604, 35.803027], [139.913173, 35.802425], [139.912945, 35.802136], [139.912503, 35.80162], [139.912271, 35.801361], [139.911478, 35.800499], [139.910872, 35.799848], [139.909792, 35.798663], [139.907827, 35.796521], [139.906253, 35.794812], [139.90536, 35.793819], [139.904607, 35.792855], [139.90401, 35.791928], [139.903453, 35.790973], [139.90227, 35.788825], [139.901995, 35.788288], [139.901742, 35.787675], [139.901497, 35.787029], [139.90136, 35.786654], [139.901223, 35.78629], [139.901155, 35.786091], [139.900561, 35.784496], [139.900265, 35.783683], [139.900191, 35.78346], [139.900122, 35.783282], [139.899949, 35.782735], [139.89986, 35.782448], [139.899608, 35.781627], [139.899367, 35.780955], [139.899038, 35.780094], [139.898622, 35.778926], [139.898171, 35.777696], [139.897758, 35.776576], [139.897467, 35.775734], [139.897049, 35.774701], [139.896868, 35.774365], [139.896658, 35.773971], [139.896401, 35.773584], [139.896137, 35.773227], [139.895597, 35.772633]]}}, {"type": "Feature", "properties": {"name": "常磐線", "operator": "東日本旅客鉄道", "length_m": 18391}, "geometry": {"type": "LineString", "coordinates": [[139.895555, 35.77267], [139.89608, 35.773267], [139.896327, 35.773602], [139.896601, 35.773987], [139.896826, 35.774391], [139.896989, 35.774724], [139.897424, 35.77574], [139.897719, 35.776593], [139.898122, 35.777716], [139.898575, 35.778929], [139.898999, 35.780102], [139.899323, 35.780965], [139.899558, 35.781644], [139.899782, 35.782426], [139.899858, 35.782652], [139.900083, 35.783503], [139.900139, 35.783708], [139.900177, 35.783805], [139.900433, 35.784528], [139.900719, 35.785328], [139.90104, 35.786098], [139.901131, 35.786315], [139.901328, 35.786765], [139.901519, 35.787221], [139.901697, 35.787684], [139.901959, 35.788303], [139.902231, 35.788852], [139.90341, 35.790989], [139.903969, 35.791952], [139.904572, 35.792883], [139.90533, 35.79385], [139.906212, 35.794833], [139.907793, 35.79654], [139.90976, 35.798682], [139.91084, 35.799871], [139.91145, 35.800528], [139.911869, 35.80099], [139.91223, 35.80139], [139.912466, 35.801644], [139.912888, 35.802155], [139.913105, 35.802455], [139.913518, 35.803054], [139.913655, 35.803249], [139.913757, 35.803407], [139.913929, 35.803665], [139.914044, 35.803821], [139.914191, 35.804045], [139.914862, 35.80505], [139.915116, 35.805459], [139.915348, 35.805878], [139.915548, 35.806303], [139.91572, 35.806735], [139.915871, 35.807179], [139.915997, 35.80762], [139.91641, 35.809118], [139.916584, 35.809748], [139.916723, 35.810249], [139.916747, 35.810338], [139.917402, 35.812718], [139.917515, 35.813155], [139.917626, 35.813609], [139.917731, 35.814045], [139.917805, 35.814352], [139.918075, 35.815375], [139.918593, 35.817176], [139.91898, 35.818534], [139.919179, 35.819223], [139.919395, 35.819917], [139.919477, 35.820166], [139.919683, 35.820755], [139.91982, 35.821146], [139.919864, 35.821282], [139.920396, 35.823175], [139.920568, 35.823843], [139.920712, 35.824512], [139.920802, 35.824864], [139.920901, 35.825231], [139.921029, 35.82559], [139.921178, 35.825968], [139.921307, 35.826229], [139.921439, 35.826472], [139.921714, 35.826915], [139.922038, 35.827397], [139.92233, 35.827815], [139.922649, 35.82823], [139.922974, 35.8286], [139.923255, 35.8289], [139.924184, 35.829862], [139.924816, 35.830393], [139.925131, 35.830611], [139.925454, 35.830815], [139.925866, 35.831055], [139.92656, 35.831412], [139.927274, 35.831759], [139.92822, 35.832213], [139.928371, 35.832273], [139.929171, 35.832648], [139.930896, 35.833453], [139.932288, 35.83411], [139.93261, 35.834267], [139.933751, 35.834821], [139.935739, 35.835769], [139.937696, 35.836762], [139.939854, 35.837835], [139.94269, 35.83921], [139.946883, 35.841242], [139.948243, 35.841905], [139.951285, 35.843374], [139.953252, 35.844299], [139.954369, 35.844856], [139.955161, 35.845291], [139.955558, 35.845511], [139.955908, 35.845729], [139.957366, 35.84673], [139.958287, 35.847396], [139.959168, 35.84811], [139.960655, 35.849457], [139.961247, 35.850053], [139.961749, 35.850619], [139.962812, 35.851889], [139.968099, 35.858599], [139.969223, 35.860054], [139.969471, 35.860416], [139.969857, 35.861001], [139.970151, 35.861421], [139.970943, 35.862384], [139.971424, 35.863001], [139.971821, 35.863488], [139.972351, 35.864091], [139.973059, 35.864948], [139.974835, 35.867178], [139.976467, 35.869223], [139.977065, 35.869944], [139.977389, 35.870289], [139.977666, 35.870571], [139.978121, 35.870995], [139.978608, 35.8714], [139.979276, 35.8719], [139.980962, 35.873038], [139.981826, 35.873645], [139.982694, 35.874255], [139.983074, 35.874525], [139.983648, 35.874892], [139.984076, 35.875116], [139.984571, 35.875334], [139.984859, 35.875429], [139.985297, 35.875563], [139.985718, 35.875659], [139.986137, 35.875743], [139.986591, 35.875799], [139.987032, 35.875836], [139.987496, 35.87584], [139.987947, 35.875818], [139.988393, 35.87578], [139.988826, 35.875718], [139.989261, 35.875637], [139.990334, 35.875406], [139.991015, 35.875259], [139.991867, 35.875082], [139.993809, 35.874639], [139.995915, 35.874136], [139.997826, 35.873672], [139.998815, 35.873433], [139.999165, 35.87335], [139.999884, 35.873178], [140.000721, 35.872945], [140.001505, 35.872718], [140.002404, 35.872517], [140.002819, 35.872447], [140.003297, 35.872396], [140.003766, 35.872367], [140.004008, 35.872361], [140.004503, 35.872359], [140.005161, 35.872404], [140.005487, 35.872436], [140.006216, 35.872522], [140.006385, 35.872538], [140.007678, 35.872701], [140.008079, 35.872752], [140.008672, 35.872824], [140.009223, 35.872881], [140.009667, 35.872918], [140.010745, 35.873], [140.011184, 35.873026], [140.012041, 35.873046], [140.012441, 35.873051], [140.012779, 35.87305], [140.013314, 35.873053], [140.013975, 35.873064], [140.01462, 35.873087], [140.015475, 35.873129], [140.016146, 35.873162], [140.016541, 35.873181], [140.019083, 35.873299], [140.020683, 35.87338], [140.022461, 35.873461], [140.024492, 35.873565], [140.025006, 35.873593], [140.025388, 35.873623], [140.025624, 35.873651], [140.026521, 35.873745]]}}, {"type": "Feature", "properties": {"name": "常磐線", "operator": "東日本旅客鉄道", "length_m": 18043}, "geometry": {"type": "LineString", "coordinates": [[139.895664, 35.772606], [139.89619, 35.773215], [139.896442, 35.773567], [139.8967, 35.773936], [139.89692, 35.774352], [139.897094, 35.774696], [139.897507, 35.775728], [139.897802, 35.776567], [139.898221, 35.777685], [139.898667, 35.778917], [139.899091, 35.78009], [139.899414, 35.780952], [139.899468, 35.781103], [139.899652, 35.781616], [139.899733, 35.781838], [139.900171, 35.783011], [139.900318, 35.783428], [139.900688, 35.784459], [139.901098, 35.785561], [139.901254, 35.786046], [139.90134, 35.78633], [139.90144, 35.786629], [139.90157, 35.787017], [139.901797, 35.787658], [139.90205, 35.788271], [139.902314, 35.78881], [139.903493, 35.790966], [139.904046, 35.791913], [139.904637, 35.792822], [139.9054, 35.793796], [139.906288, 35.794782], [139.907866, 35.796491], [139.909838, 35.798646], [139.910901, 35.799808], [139.91168, 35.800652], [139.912308, 35.801332], [139.912552, 35.801606], [139.912983, 35.802109], [139.913219, 35.802405], [139.913632, 35.802971], [139.91499, 35.805004], [139.915246, 35.805417], [139.915477, 35.805838], [139.915679, 35.806263], [139.915856, 35.8067], [139.916003, 35.807142], [139.916133, 35.807589], [139.916549, 35.809096], [139.91664, 35.80942], [139.916941, 35.810572], [139.917226, 35.81161], [139.917438, 35.81238], [139.917628, 35.813071], [139.917939, 35.814207], [139.918246, 35.81533], [139.918771, 35.817141], [139.919156, 35.818491], [139.919356, 35.819188], [139.919629, 35.820137], [139.919796, 35.820723], [139.919932, 35.821165], [139.919966, 35.821284], [139.920494, 35.823163], [139.920659, 35.823822], [139.920799, 35.824493], [139.921072, 35.825394], [139.921123, 35.82552], [139.921295, 35.825938], [139.921545, 35.826438], [139.921808, 35.826873], [139.922136, 35.827349], [139.92244, 35.827762], [139.922763, 35.828177], [139.92307, 35.828533], [139.923331, 35.828823], [139.924316, 35.829775], [139.924898, 35.830235], [139.925224, 35.830469], [139.925557, 35.830694], [139.925939, 35.830914], [139.926675, 35.831293], [139.927369, 35.831637], [139.928295, 35.832093], [139.929241, 35.832548], [139.929625, 35.832734], [139.930972, 35.83338], [139.931166, 35.833473], [139.932328, 35.834034], [139.932672, 35.834198], [139.933794, 35.834736], [139.935773, 35.835704], [139.937727, 35.836688], [139.939876, 35.837759], [139.942732, 35.839148], [139.946934, 35.84118], [139.948291, 35.84184], [139.951332, 35.843308], [139.953287, 35.844227], [139.954042, 35.844602], [139.954131, 35.84465], [139.955219, 35.845233], [139.955605, 35.845451], [139.955968, 35.84568], [139.957422, 35.846669], [139.958344, 35.847344], [139.959228, 35.848061], [139.960729, 35.849406], [139.961309, 35.850002], [139.961821, 35.850579], [139.962885, 35.85186], [139.968187, 35.858573], [139.968371, 35.858801], [139.968625, 35.859116], [139.968892, 35.859448], [139.96931, 35.860001], [139.969583, 35.860376], [139.969997, 35.860931], [139.971098, 35.862305], [139.971613, 35.862995], [139.971965, 35.863446], [139.972444, 35.864047], [139.973134, 35.86491], [139.97469, 35.866859], [139.974921, 35.867142], [139.976529, 35.869169], [139.977134, 35.8699], [139.977453, 35.870241], [139.977743, 35.870525], [139.978188, 35.870943], [139.978678, 35.871355], [139.979328, 35.871848], [139.981023, 35.87299], [139.981888, 35.873589], [139.982761, 35.874181], [139.983164, 35.874458], [139.983742, 35.874811], [139.984139, 35.875014], [139.98464, 35.875223], [139.984908, 35.875321], [139.985332, 35.875455], [139.985754, 35.875562], [139.98617, 35.875638], [139.986566, 35.875686], [139.987036, 35.875728], [139.987485, 35.875749], [139.98793, 35.875729], [139.988083, 35.875722], [139.988379, 35.875696], [139.988817, 35.875631], [139.989235, 35.875555], [139.989615, 35.875466], [139.990095, 35.875346], [139.990987, 35.875136], [139.99372, 35.874479], [139.995851, 35.873975], [139.997783, 35.873514], [139.999834, 35.873025], [140.000672, 35.872821], [140.001457, 35.872635], [140.002389, 35.872428], [140.002804, 35.872358], [140.00329, 35.872309], [140.003765, 35.872276], [140.004008, 35.87227], [140.004503, 35.872261], [140.005179, 35.872296], [140.006264, 35.872369], [140.006859, 35.872409], [140.007706, 35.87247], [140.008498, 35.872529], [140.00929, 35.872588], [140.010767, 35.872684], [140.011553, 35.872731], [140.012716, 35.872781], [140.013823, 35.87283], [140.014389, 35.872851], [140.014913, 35.872875], [140.016582, 35.872952], [140.019083, 35.873089], [140.020696, 35.873201], [140.021231, 35.873236], [140.021499, 35.873245], [140.021781, 35.873248], [140.022075, 35.873249], [140.022483, 35.873249], [140.022743, 35.873246], [140.022857, 35.87324]]}}, {"type": "Feature", "properties": {"name": "常磐線", "operator": "東日本旅客鉄道", "length_m": 18034}, "geometry": {"type": "LineString", "coordinates": [[140.022855, 35.873203], [140.022645, 35.87321], [140.02248, 35.873207], [140.022089, 35.873197], [140.021805, 35.873181], [140.021525, 35.873166], [140.020723, 35.873101], [140.019107, 35.87297], [140.016573, 35.872861], [140.01551, 35.872814], [140.014235, 35.872748], [140.012865, 35.872676], [140.01271, 35.87267], [140.011586, 35.872601], [140.01078, 35.872552], [140.009317, 35.872463], [140.008513, 35.872424], [140.00752, 35.872366], [140.00686, 35.872334], [140.00627, 35.872308], [140.005173, 35.872259], [140.004514, 35.872228], [140.004009, 35.872232], [140.003753, 35.872244], [140.003301, 35.872273], [140.002789, 35.872324], [140.002369, 35.872396], [140.001447, 35.872602], [140.000654, 35.872792], [139.999822, 35.872992], [139.997771, 35.873481], [139.995846, 35.87394], [139.993692, 35.874451], [139.99096, 35.87509], [139.990091, 35.8753], [139.989213, 35.875473], [139.988803, 35.875529], [139.988352, 35.875585], [139.988083, 35.875609], [139.987896, 35.875626], [139.987483, 35.875642], [139.987044, 35.875634], [139.986576, 35.875602], [139.986357, 35.875574], [139.986188, 35.875553], [139.985786, 35.875489], [139.985353, 35.875386], [139.984944, 35.87526], [139.984667, 35.875172], [139.984166, 35.874973], [139.983784, 35.874778], [139.983189, 35.874422], [139.982791, 35.87415], [139.98192, 35.87356], [139.981059, 35.872961], [139.979359, 35.871814], [139.978704, 35.871331], [139.978217, 35.870916], [139.977774, 35.870503], [139.977497, 35.870218], [139.977173, 35.869883], [139.976572, 35.869153], [139.97498, 35.867101], [139.97477, 35.866834], [139.973208, 35.864872], [139.972525, 35.864008], [139.972325, 35.863735], [139.972098, 35.863434], [139.97185, 35.863097], [139.971737, 35.862936], [139.971206, 35.862264], [139.970466, 35.861314], [139.970104, 35.860886], [139.969649, 35.86034], [139.969349, 35.859981], [139.968224, 35.858557], [139.967962, 35.858225], [139.962917, 35.851838], [139.96186, 35.850561], [139.96134, 35.849976], [139.960767, 35.849386], [139.959268, 35.848044], [139.958372, 35.847314], [139.957455, 35.846646], [139.956011, 35.845655], [139.955643, 35.845407], [139.95531, 35.845184], [139.954655, 35.844795], [139.954202, 35.844569], [139.954093, 35.844515], [139.95333, 35.844158], [139.951348, 35.843281], [139.948313, 35.841804], [139.946972, 35.84116], [139.942757, 35.839124], [139.939897, 35.837728], [139.937747, 35.836655], [139.935806, 35.835667], [139.933812, 35.834708], [139.932708, 35.834166], [139.932174, 35.833877], [139.931819, 35.83368], [139.931529, 35.833526], [139.931456, 35.833489], [139.931152, 35.83334], [139.930982, 35.833259], [139.929677, 35.832637], [139.929293, 35.832473], [139.928319, 35.832033], [139.927798, 35.831792], [139.927396, 35.831606], [139.926703, 35.83126], [139.925958, 35.830883], [139.925581, 35.830658], [139.925256, 35.83044], [139.924933, 35.83021], [139.924349, 35.829742], [139.923365, 35.828804], [139.923099, 35.828522], [139.922799, 35.828156], [139.922483, 35.827743], [139.922195, 35.827336], [139.921897, 35.826841], [139.921659, 35.826398], [139.921414, 35.825896], [139.921236, 35.825459], [139.921129, 35.825174], [139.920912, 35.824474], [139.920729, 35.823816], [139.920542, 35.823149], [139.920014, 35.821293], [139.919973, 35.821158], [139.919838, 35.820713], [139.919672, 35.820133], [139.919396, 35.819182], [139.919202, 35.818483], [139.91881, 35.817132], [139.918287, 35.815315], [139.917981, 35.814208], [139.917693, 35.81306], [139.917579, 35.812474], [139.917526, 35.812232], [139.917472, 35.81201], [139.917401, 35.811732], [139.91736, 35.811586], [139.917324, 35.811456], [139.917164, 35.810895], [139.917069, 35.810577], [139.916878, 35.809978], [139.916747, 35.809618], [139.9166, 35.8091], [139.916284, 35.80803], [139.916167, 35.807581], [139.916039, 35.807142], [139.915883, 35.806703], [139.915712, 35.806259], [139.915499, 35.805811], [139.915265, 35.805391], [139.914708, 35.804521], [139.914086, 35.80359], [139.913809, 35.803179], [139.913686, 35.803], [139.913251, 35.802391], [139.913027, 35.802096], [139.912619, 35.801569], [139.912386, 35.801279], [139.912214, 35.801066], [139.911881, 35.800685], [139.911789, 35.800587], [139.911688, 35.800475], [139.911238, 35.799988], [139.910983, 35.79975], [139.910528, 35.799311], [139.909881, 35.798634], [139.907905, 35.79647], [139.906329, 35.79475], [139.905442, 35.793777], [139.904677, 35.792798], [139.904081, 35.791892], [139.903537, 35.790953], [139.902386, 35.788772], [139.90213, 35.788231], [139.901876, 35.787631], [139.901661, 35.787005], [139.901626, 35.786894], [139.901538, 35.786576], [139.901449, 35.786254], [139.901382, 35.786009], [139.901201, 35.785399], [139.900857, 35.784428], [139.90048, 35.783369], [139.900211, 35.782788], [139.900045, 35.782447], [139.899696, 35.781606], [139.899444, 35.780944], [139.899401, 35.780822], [139.899336, 35.780642], [139.899133, 35.780075], [139.898705, 35.778911], [139.898257, 35.777673], [139.89784, 35.776552], [139.89755, 35.775716], [139.897138, 35.774672], [139.896959, 35.774336], [139.896733, 35.773914], [139.89648, 35.77355], [139.896223, 35.773195], [139.895706, 35.772584]]}}, {"type": "Feature", "properties": {"name": "JR武蔵野線", "operator": "東日本旅客鉄道", "length_m": 17707}, "geometry": {"type": "LineString", "coordinates": [[139.942076, 35.776911], [139.942, 35.777219], [139.941403, 35.779642], [139.941086, 35.780933], [139.940686, 35.782544], [139.940027, 35.785101], [139.939873, 35.785699], [139.939833, 35.785851], [139.939734, 35.786238], [139.939703, 35.786371], [139.93931, 35.787949], [139.938975, 35.789266], [139.938707, 35.790425], [139.938393, 35.791812], [139.938359, 35.791948], [139.938, 35.79345], [139.937825, 35.79426], [139.937511, 35.795686], [139.937232, 35.796974], [139.937156, 35.797329], [139.936941, 35.798043], [139.936813, 35.79842], [139.936731, 35.79864], [139.93633, 35.799677], [139.936189, 35.800045], [139.934686, 35.803888], [139.93447, 35.80441], [139.933571, 35.806732], [139.932781, 35.808762], [139.932289, 35.81004], [139.931773, 35.811322], [139.931337, 35.812462], [139.93099, 35.81335], [139.930773, 35.813904], [139.930603, 35.814334], [139.930362, 35.814953], [139.930319, 35.815056], [139.930093, 35.815638], [139.929921, 35.816071], [139.928984, 35.818443], [139.92869, 35.819212], [139.928525, 35.819638], [139.928344, 35.820045], [139.928172, 35.820404], [139.927921, 35.820817], [139.927665, 35.821179], [139.927397, 35.821505], [139.927108, 35.821841], [139.92686, 35.822089], [139.926528, 35.822389], [139.926261, 35.822615], [139.925948, 35.822823], [139.925649, 35.823042], [139.925341, 35.823228], [139.924888, 35.823494], [139.921981, 35.825046], [139.921165, 35.825473], [139.913864, 35.829348], [139.912927, 35.829794], [139.911606, 35.830369], [139.911232, 35.830565], [139.910872, 35.830786], [139.910526, 35.831026], [139.910202, 35.831279], [139.909918, 35.831527], [139.909182, 35.832344], [139.908684, 35.83291], [139.908443, 35.833172], [139.90799, 35.833663], [139.905477, 35.836388], [139.905329, 35.836548], [139.904329, 35.837631], [139.903907, 35.83809], [139.903308, 35.838748], [139.902011, 35.840163], [139.90146, 35.840772], [139.901213, 35.84103], [139.900955, 35.841278], [139.900772, 35.84143], [139.900426, 35.841694], [139.90004, 35.841972], [139.899573, 35.842303], [139.899285, 35.842472], [139.898756, 35.842777], [139.898294, 35.843004], [139.897724, 35.843246], [139.897483, 35.843361], [139.897294, 35.84343], [139.897038, 35.84352], [139.896726, 35.84362], [139.896371, 35.843726], [139.896123, 35.843793], [139.895925, 35.843844], [139.895738, 35.843888], [139.895528, 35.84393], [139.89534, 35.843966], [139.895046, 35.844021], [139.894741, 35.844069], [139.894061, 35.844153], [139.893821, 35.844177], [139.893319, 35.84423], [139.892856, 35.844277], [139.888262, 35.844737], [139.886719, 35.844899], [139.88632, 35.844944], [139.885947, 35.844977], [139.885757, 35.844999], [139.885357, 35.84506], [139.885154, 35.845096], [139.884724, 35.845191], [139.884301, 35.845309], [139.88398, 35.845407], [139.883676, 35.845519], [139.883371, 35.845641], [139.883039, 35.845795], [139.882727, 35.845951], [139.882346, 35.846166], [139.882009, 35.846383], [139.881686, 35.846612], [139.881355, 35.84688], [139.881058, 35.847146], [139.880754, 35.847455], [139.880482, 35.847761], [139.880245, 35.848086], [139.880005, 35.848443], [139.879763, 35.848822], [139.879611, 35.849052], [139.879415, 35.849341], [139.879258, 35.849562], [139.879019, 35.849867], [139.8788, 35.850108], [139.878104, 35.85083], [139.877753, 35.851183], [139.877412, 35.851535], [139.877068, 35.851886], [139.876708, 35.852243], [139.876361, 35.852577], [139.875698, 35.853184], [139.875421, 35.853423], [139.874809, 35.853945], [139.874188, 35.854463], [139.873803, 35.854785], [139.873435, 35.855095], [139.873047, 35.855417], [139.872647, 35.855755], [139.872263, 35.856075], [139.871876, 35.856398], [139.871489, 35.85672], [139.871105, 35.857044], [139.870949, 35.857177], [139.870808, 35.857299], [139.870523, 35.857554], [139.87023, 35.857818], [139.86992, 35.858101], [139.869179, 35.858821], [139.868679, 35.859279], [139.867909, 35.859954], [139.862759, 35.864224], [139.862367, 35.864561], [139.860219, 35.866332], [139.85803, 35.868037], [139.857389, 35.868548], [139.856513, 35.869254], [139.856192, 35.869525], [139.855334, 35.870184], [139.854681, 35.87068], [139.853773, 35.871343], [139.852524, 35.872188], [139.849919, 35.873857], [139.848182, 35.874933], [139.847616, 35.875239], [139.847197, 35.875433], [139.846843, 35.875585], [139.846349, 35.875763], [139.845811, 35.875921], [139.845147, 35.876127], [139.844568, 35.876295], [139.843877, 35.876458], [139.843498, 35.876523], [139.843232, 35.876561], [139.842919, 35.876594], [139.842038, 35.876645], [139.841104, 35.876627], [139.838603, 35.876552], [139.838201, 35.876541], [139.83809, 35.876538], [139.837626, 35.876525], [139.837517, 35.876523], [139.8357, 35.876461], [139.835571, 35.876455], [139.834095, 35.876419], [139.833982, 35.876416], [139.832633, 35.87637], [139.832538, 35.876367], [139.830906, 35.876311], [139.830703, 35.876308], [139.828836, 35.876298], [139.826107, 35.876332], [139.825604, 35.876334], [139.825096, 35.87633], [139.824602, 35.876319], [139.823681, 35.876295], [139.823122, 35.876288], [139.822641, 35.876276], [139.822273, 35.876268], [139.821523, 35.87625], [139.821103, 35.876233], [139.817232, 35.876077], [139.8164, 35.876019], [139.81607, 35.876001], [139.815273, 35.875951]]}}, {"type": "Feature", "properties": {"name": "JR武蔵野線", "operator": "東日本旅客鉄道", "length_m": 17694}, "geometry": {"type": "LineString", "coordinates": [[139.815247, 35.876038], [139.816054, 35.876089], [139.816392, 35.876104], [139.816891, 35.876128], [139.817231, 35.876139], [139.819221, 35.876196], [139.82111, 35.876262], [139.822273, 35.876295], [139.823302, 35.876319], [139.823681, 35.87633], [139.824171, 35.876344], [139.824598, 35.876354], [139.825095, 35.876366], [139.825606, 35.876369], [139.826103, 35.876365], [139.828835, 35.876335], [139.830705, 35.876351], [139.83092, 35.876357], [139.832537, 35.876402], [139.832629, 35.876405], [139.833979, 35.876443], [139.834093, 35.876446], [139.835568, 35.876488], [139.835705, 35.87649], [139.837509, 35.876547], [139.837629, 35.876551], [139.838088, 35.876566], [139.838199, 35.876569], [139.838603, 35.876582], [139.841101, 35.876663], [139.841968, 35.876697], [139.842394, 35.876696], [139.842857, 35.876674], [139.84351, 35.876632], [139.843898, 35.876587], [139.845361, 35.876281], [139.84587, 35.876124], [139.846361, 35.87595], [139.846718, 35.875799], [139.846955, 35.875693], [139.84722, 35.875561], [139.847601, 35.875352], [139.848013, 35.875097], [139.848333, 35.874901], [139.849529, 35.874141], [139.849946, 35.873883], [139.850839, 35.873313], [139.851249, 35.873053], [139.851688, 35.872776], [139.852132, 35.872499], [139.852555, 35.872215], [139.852993, 35.871921], [139.853822, 35.871375], [139.85471, 35.870704], [139.855359, 35.870213], [139.856253, 35.869551], [139.856409, 35.869432], [139.857506, 35.868628], [139.858148, 35.868129], [139.858801, 35.867628], [139.859694, 35.866873], [139.860569, 35.866132], [139.861401, 35.865437], [139.862099, 35.864846], [139.862698, 35.864336], [139.863645, 35.863553], [139.864304, 35.863009], [139.865742, 35.861795], [139.866855, 35.860868], [139.867935, 35.859964], [139.868707, 35.859306], [139.869213, 35.858843], [139.869958, 35.858128], [139.870264, 35.857846], [139.870555, 35.857578], [139.870843, 35.857322], [139.87096, 35.85722], [139.875736, 35.853204], [139.876393, 35.852604], [139.876746, 35.852266], [139.8771, 35.851911], [139.877445, 35.851557], [139.877787, 35.851208], [139.878837, 35.850133], [139.879279, 35.849686], [139.879818, 35.849134], [139.880674, 35.848258], [139.881361, 35.847552], [139.881653, 35.847254], [139.881908, 35.847015], [139.882167, 35.846786], [139.882484, 35.846537], [139.882821, 35.846301], [139.883125, 35.846109], [139.88349, 35.845902], [139.883813, 35.845737], [139.884097, 35.845609], [139.884388, 35.845489], [139.884786, 35.84534], [139.885001, 35.845273], [139.8852, 35.845213], [139.885383, 35.845169], [139.885648, 35.845104], [139.885968, 35.845039], [139.886728, 35.844942], [139.888269, 35.844777], [139.892865, 35.844323], [139.893315, 35.844272], [139.893827, 35.844218], [139.894066, 35.844194], [139.894763, 35.844109], [139.895024, 35.844065], [139.89536, 35.844005], [139.895538, 35.843968], [139.895766, 35.843918], [139.895938, 35.843878], [139.896168, 35.843823], [139.896392, 35.843761], [139.896742, 35.843653], [139.897054, 35.843552], [139.897305, 35.843464], [139.89749, 35.843398], [139.897744, 35.843322], [139.897834, 35.843284], [139.89832, 35.843069], [139.898787, 35.842837], [139.899305, 35.842531], [139.899564, 35.842372], [139.900065, 35.842031], [139.900475, 35.841728], [139.900806, 35.841458], [139.90098, 35.841307], [139.901084, 35.841216], [139.901375, 35.840937], [139.901723, 35.84058], [139.901999, 35.840277], [139.903371, 35.838791], [139.903984, 35.838123], [139.904396, 35.837674], [139.905395, 35.83659], [139.905543, 35.836429], [139.908758, 35.832975], [139.909291, 35.832437], [139.909356, 35.832376], [139.909899, 35.831821], [139.910425, 35.831351], [139.910854, 35.831029], [139.911272, 35.830783], [139.911448, 35.830676], [139.912025, 35.830374], [139.912239, 35.830252], [139.912959, 35.82987], [139.913769, 35.829444], [139.913885, 35.829383], [139.920303, 35.825978], [139.921191, 35.825502], [139.922004, 35.825076], [139.924919, 35.823525], [139.92537, 35.82326], [139.925688, 35.823067], [139.925988, 35.822849], [139.926294, 35.822635], [139.926568, 35.82241], [139.926899, 35.822109], [139.927144, 35.82186], [139.927437, 35.821522], [139.927705, 35.8212], [139.927974, 35.820819], [139.928207, 35.820414], [139.928381, 35.82005], [139.928567, 35.819647], [139.92873, 35.819226], [139.929033, 35.818456], [139.929965, 35.816083], [139.930353, 35.815065], [139.930397, 35.814958], [139.930637, 35.814342], [139.930809, 35.813916], [139.931032, 35.813361], [139.931376, 35.812472], [139.931815, 35.811329], [139.932324, 35.810048], [139.933606, 35.806744], [139.934511, 35.804448], [139.934731, 35.803897], [139.936228, 35.800054], [139.936371, 35.799687], [139.936784, 35.798618], [139.936849, 35.798437], [139.93699, 35.798053], [139.937201, 35.797334], [139.937555, 35.795695], [139.937783, 35.79472], [139.937881, 35.794278], [139.937959, 35.793926], [139.938058, 35.793458], [139.938409, 35.791955], [139.938438, 35.791827], [139.938592, 35.791155], [139.938598, 35.791122], [139.938758, 35.790433], [139.939349, 35.787965], [139.939748, 35.786398], [139.939786, 35.786265], [139.939885, 35.78586], [139.939923, 35.785711], [139.940075, 35.785111], [139.940731, 35.78255], [139.94113, 35.780935], [139.941445, 35.779644], [139.942043, 35.777225], [139.942115, 35.776919]]}}, {"type": "Feature", "properties": {"name": "東武野田線", "operator": "東武鉄道", "length_m": 14113}, "geometry": {"type": "LineString", "coordinates": [[139.970594, 35.862281], [139.970275, 35.861872], [139.969983, 35.861482], [139.969857, 35.861283], [139.969666, 35.860986], [139.969482, 35.860704], [139.969297, 35.860424], [139.969189, 35.86025], [139.969089, 35.860099], [139.96895, 35.859906], [139.968765, 35.8597], [139.968611, 35.859561], [139.968444, 35.859435], [139.968241, 35.859309], [139.968001, 35.859181], [139.967688, 35.859044], [139.967564, 35.858998], [139.967411, 35.858945], [139.967273, 35.858908], [139.967137, 35.858875], [139.966845, 35.858815], [139.966693, 35.858796], [139.966538, 35.858781], [139.966256, 35.858769], [139.965955, 35.858778], [139.96562, 35.858818], [139.965427, 35.858847], [139.965194, 35.858897], [139.96437, 35.859099], [139.962117, 35.859659], [139.960262, 35.860122], [139.956534, 35.861048], [139.955051, 35.861417], [139.95475, 35.861498], [139.954568, 35.861541], [139.952506, 35.862048], [139.950859, 35.862456], [139.950009, 35.862668], [139.948537, 35.863034], [139.947068, 35.863401], [139.946789, 35.863479], [139.946525, 35.863561], [139.946261, 35.863666], [139.944283, 35.864472], [139.942838, 35.865062], [139.941359, 35.865663], [139.94024, 35.866129], [139.939376, 35.866483], [139.937225, 35.867367], [139.935861, 35.867918], [139.934149, 35.868626], [139.932287, 35.869389], [139.931518, 35.869703], [139.930788, 35.87], [139.929427, 35.870549], [139.928373, 35.87099], [139.928096, 35.871105], [139.927559, 35.871326], [139.926077, 35.871927], [139.925786, 35.872051], [139.925573, 35.872134], [139.925318, 35.872245], [139.925168, 35.872315], [139.924948, 35.872421], [139.924717, 35.872552], [139.924466, 35.87271], [139.924324, 35.87281], [139.924135, 35.872966], [139.923869, 35.873216], [139.923695, 35.873408], [139.923515, 35.873639], [139.923365, 35.87386], [139.923232, 35.874099], [139.9228, 35.874868], [139.922378, 35.875636], [139.92204, 35.876252], [139.92168, 35.876901], [139.921242, 35.877694], [139.920721, 35.878657], [139.920702, 35.878693], [139.920039, 35.879877], [139.919876, 35.880177], [139.919566, 35.880727], [139.919395, 35.881036], [139.919127, 35.881526], [139.918797, 35.882088], [139.918387, 35.882864], [139.91804, 35.883485], [139.917685, 35.884129], [139.917218, 35.884988], [139.917117, 35.885169], [139.9171, 35.885205], [139.917084, 35.885235], [139.916875, 35.88561], [139.916282, 35.886684], [139.91603, 35.887144], [139.915323, 35.888421], [139.915137, 35.888759], [139.914857, 35.889264], [139.91455, 35.889822], [139.914351, 35.89018], [139.91364, 35.89147], [139.912825, 35.892942], [139.912492, 35.893546], [139.912034, 35.894371], [139.911529, 35.895295], [139.911141, 35.895986], [139.910733, 35.896717], [139.910353, 35.897403], [139.910151, 35.897785], [139.90932, 35.899281], [139.909027, 35.899813], [139.909008, 35.89985], [139.90899, 35.899884], [139.908733, 35.900423], [139.908581, 35.900782], [139.908444, 35.901147], [139.90839, 35.901305], [139.908291, 35.901612], [139.908215, 35.901877], [139.908166, 35.90207], [139.908096, 35.902378], [139.908019, 35.902791], [139.907451, 35.906025], [139.907067, 35.908176], [139.9067, 35.910294], [139.906693, 35.910331], [139.906258, 35.912765], [139.906253, 35.912793], [139.906213, 35.913029], [139.906147, 35.913403], [139.906105, 35.913644], [139.906066, 35.913869], [139.906011, 35.914153], [139.905981, 35.914326], [139.90592, 35.914693], [139.905898, 35.91482], [139.905884, 35.914931], [139.905874, 35.915074], [139.90587, 35.915194], [139.905868, 35.91531], [139.905851, 35.915546], [139.905822, 35.915785], [139.905803, 35.915937], [139.90577, 35.916119], [139.905749, 35.916222], [139.905729, 35.916302], [139.905699, 35.916398], [139.905648, 35.916542], [139.905574, 35.91673], [139.905496, 35.916875], [139.90539, 35.917051], [139.905287, 35.917191], [139.905153, 35.917353], [139.904957, 35.917564], [139.904791, 35.917732], [139.904016, 35.918508], [139.902878, 35.919647], [139.901617, 35.920921], [139.900254, 35.922278], [139.899155, 35.923375], [139.897628, 35.924914], [139.895739, 35.926812], [139.895452, 35.927095], [139.894994, 35.927553], [139.894615, 35.927937], [139.8926, 35.92995], [139.892416, 35.930135], [139.891547, 35.930997], [139.891335, 35.931219], [139.890101, 35.932456], [139.888673, 35.933881], [139.888047, 35.934513], [139.887328, 35.935226], [139.887131, 35.935416], [139.887004, 35.935523], [139.886793, 35.935693], [139.886621, 35.935824], [139.886472, 35.935926], [139.886337, 35.936013], [139.886208, 35.936093], [139.885983, 35.936219], [139.885808, 35.936313], [139.885756, 35.936341], [139.885611, 35.936417], [139.885427, 35.936507], [139.884419, 35.936982], [139.883572, 35.937385], [139.884427, 35.937024], [139.884559, 35.936962], [139.884853, 35.936824], [139.885657, 35.936435], [139.885816, 35.936353], [139.885863, 35.936326], [139.885974, 35.936263], [139.886276, 35.936088], [139.88643, 35.935994], [139.886581, 35.935893], [139.886734, 35.93578], [139.88702, 35.935558], [139.887168, 35.935426], [139.887313, 35.935288], [139.888076, 35.934537], [139.888705, 35.933899], [139.890133, 35.932475], [139.89137, 35.931237], [139.891581, 35.931017], [139.892042, 35.930559], [139.892219, 35.930349], [139.892416, 35.930135]]}}, {"type": "Feature", "properties": {"name": "東武野田線", "operator": "東武鉄道", "length_m": 11217}, "geometry": {"type": "LineString", "coordinates": [[139.999565, 35.773324], [139.999596, 35.773588], [139.999617, 35.773848], [139.999627, 35.774124], [139.999617, 35.77448], [139.999605, 35.774847], [139.999592, 35.775309], [139.999594, 35.775836], [139.999588, 35.776553], [139.999565, 35.777557], [139.999518, 35.779317], [139.999509, 35.779491], [139.999483, 35.780345], [139.999467, 35.781749], [139.999449, 35.782341], [139.999442, 35.782926], [139.999425, 35.783137], [139.999411, 35.783476], [139.999418, 35.783894], [139.99941, 35.784294], [139.999393, 35.784713], [139.999387, 35.784961], [139.999385, 35.785024], [139.999359, 35.78585], [139.999361, 35.786341], [139.999316, 35.787532], [139.999287, 35.78902], [139.999268, 35.790593], [139.999254, 35.791756], [139.999236, 35.792363], [139.999241, 35.792675], [139.999225, 35.793854], [139.999232, 35.794322], [139.99923, 35.794528], [139.999208, 35.794831], [139.99921, 35.794931], [139.999207, 35.794959], [139.999192, 35.795505], [139.999145, 35.797711], [139.999088, 35.800553], [139.999088, 35.801512], [139.999074, 35.801941], [139.999007, 35.803366], [139.998973, 35.805484], [139.998973, 35.805517], [139.998971, 35.805559], [139.99897, 35.805635], [139.998833, 35.806899], [139.998779, 35.807225], [139.99875, 35.807477], [139.998711, 35.807908], [139.998697, 35.80821], [139.998707, 35.808989], [139.998705, 35.809174], [139.998663, 35.809405], [139.998639, 35.809506], [139.99861, 35.809598], [139.998566, 35.809722], [139.998411, 35.810036], [139.998351, 35.810133], [139.998297, 35.810233], [139.998149, 35.810421], [139.997889, 35.810703], [139.99752, 35.811025], [139.997386, 35.811144], [139.996969, 35.811536], [139.996588, 35.811873], [139.99588, 35.812504], [139.994705, 35.813618], [139.994359, 35.813933], [139.992999, 35.815127], [139.991135, 35.816754], [139.991025, 35.816856], [139.990261, 35.817537], [139.989308, 35.818422], [139.987626, 35.819956], [139.987221, 35.820277], [139.986749, 35.820687], [139.985146, 35.822113], [139.983893, 35.823229], [139.983433, 35.823635], [139.983224, 35.82382], [139.981551, 35.825316], [139.979859, 35.826817], [139.978497, 35.827979], [139.977157, 35.829153], [139.977033, 35.829269], [139.976689, 35.829575], [139.975826, 35.830331], [139.975551, 35.830575], [139.975246, 35.83084], [139.974915, 35.831142], [139.974599, 35.831442], [139.974274, 35.831743], [139.973954, 35.832041], [139.973291, 35.832639], [139.972558, 35.833268], [139.971514, 35.834165], [139.969561, 35.835889], [139.968918, 35.836456], [139.968491, 35.836828], [139.967974, 35.837278], [139.967692, 35.837525], [139.966606, 35.83848], [139.96651, 35.838571], [139.966279, 35.83879], [139.965712, 35.83935], [139.965615, 35.839456], [139.965401, 35.83965], [139.965184, 35.839922], [139.964983, 35.8402], [139.964816, 35.84049], [139.964658, 35.840798], [139.964616, 35.840904], [139.964535, 35.84111], [139.964456, 35.841388], [139.964405, 35.841668], [139.964355, 35.841958], [139.96434, 35.842237], [139.964336, 35.842426], [139.964346, 35.842568], [139.964371, 35.842852], [139.964432, 35.843218], [139.964507, 35.843617], [139.9646, 35.844015], [139.964641, 35.844268], [139.96466, 35.844375], [139.964719, 35.844736], [139.964786, 35.845096], [139.964855, 35.845461], [139.964925, 35.845826], [139.964989, 35.846215], [139.965075, 35.846618], [139.965185, 35.847096], [139.965248, 35.84742], [139.965572, 35.849135], [139.965626, 35.849432], [139.965707, 35.849818], [139.965828, 35.850499], [139.965838, 35.850543], [139.965935, 35.850985], [139.96601, 35.851375], [139.966077, 35.851743], [139.966143, 35.852144], [139.966214, 35.852538], [139.966294, 35.852948], [139.966371, 35.853337], [139.966428, 35.853671], [139.966491, 35.854014], [139.966502, 35.854072], [139.966535, 35.854358], [139.966537, 35.854549], [139.966524, 35.854818], [139.966502, 35.855038], [139.966451, 35.85538], [139.966395, 35.855766], [139.966342, 35.856109], [139.966293, 35.856419], [139.966277, 35.856493], [139.966257, 35.856785], [139.966273, 35.857026], [139.966317, 35.857269], [139.966387, 35.857525], [139.966476, 35.857759], [139.966602, 35.857972], [139.966751, 35.858187], [139.966929, 35.858387], [139.967091, 35.858539], [139.967314, 35.858709], [139.96754, 35.858858], [139.967765, 35.858994], [139.968016, 35.859138], [139.968251, 35.859273], [139.96844, 35.859394], [139.968626, 35.859533], [139.968787, 35.859674], [139.968982, 35.859889], [139.969053, 35.859982], [139.969134, 35.860087], [139.96934, 35.860403], [139.969525, 35.860688], [139.969704, 35.860971], [139.969894, 35.861264], [139.969939, 35.861334], [139.970022, 35.861464], [139.970311, 35.861853], [139.970632, 35.862266]]}}, {"type": "Feature", "properties": {"name": "東武野田線", "operator": "東武鉄道", "length_m": 11217}, "geometry": {"type": "LineString", "coordinates": [[139.970714, 35.86223], [139.970387, 35.861816], [139.970078, 35.861443], [139.969563, 35.860675], [139.969377, 35.860388], [139.969174, 35.860071], [139.96909, 35.859967], [139.969018, 35.859875], [139.968824, 35.859656], [139.968665, 35.859513], [139.968468, 35.859368], [139.968274, 35.859246], [139.968039, 35.859109], [139.967782, 35.858959], [139.967572, 35.858835], [139.967336, 35.858678], [139.96713, 35.858507], [139.966987, 35.85837], [139.966811, 35.858162], [139.966671, 35.85796], [139.966548, 35.857736], [139.966455, 35.857517], [139.966382, 35.857269], [139.966339, 35.857028], [139.966325, 35.856785], [139.966347, 35.856501], [139.966352, 35.856438], [139.966453, 35.855767], [139.966514, 35.855384], [139.966563, 35.855038], [139.966585, 35.85482], [139.9666, 35.854548], [139.96659, 35.854351], [139.966564, 35.854085], [139.96649, 35.853675], [139.966423, 35.853329], [139.966347, 35.852947], [139.966272, 35.852534], [139.966194, 35.852139], [139.966117, 35.85174], [139.966046, 35.851373], [139.965872, 35.850519], [139.965864, 35.850478], [139.965825, 35.850224], [139.965688, 35.849518], [139.965615, 35.849132], [139.965289, 35.847419], [139.96468, 35.844244], [139.964482, 35.843211], [139.964422, 35.842846], [139.964391, 35.842571], [139.964388, 35.84244], [139.964393, 35.842235], [139.964412, 35.841964], [139.964453, 35.841667], [139.964514, 35.841392], [139.964595, 35.841122], [139.964667, 35.840939], [139.964716, 35.840814], [139.96487, 35.84051], [139.965041, 35.840227], [139.965231, 35.839948], [139.96546, 35.839655], [139.965644, 35.839476], [139.965749, 35.839374], [139.966353, 35.838841], [139.966591, 35.838631], [139.966701, 35.838535], [139.967782, 35.837582], [139.968051, 35.837327], [139.968541, 35.836864], [139.968951, 35.836477], [139.969597, 35.835909], [139.970241, 35.835337], [139.971543, 35.834181], [139.972594, 35.833289], [139.973313, 35.832666], [139.973983, 35.832073], [139.974963, 35.831164], [139.975864, 35.830354], [139.976722, 35.829595], [139.97707, 35.829288], [139.977191, 35.82918], [139.978519, 35.828007], [139.979887, 35.82684], [139.98158, 35.825341], [139.983268, 35.823834], [139.983929, 35.823247], [139.984443, 35.822789], [139.984926, 35.822346], [139.985175, 35.822148], [139.98679, 35.82073], [139.98764, 35.819988], [139.989019, 35.818727], [139.989342, 35.818444], [139.989653, 35.818154], [139.989954, 35.817882], [139.990286, 35.817572], [139.990612, 35.817283], [139.991047, 35.816885], [139.991156, 35.816791], [139.991701, 35.816316], [139.992249, 35.815843], [139.993029, 35.815174], [139.993716, 35.814542], [139.994052, 35.814246], [139.994735, 35.813645], [139.99512, 35.813282], [139.99554, 35.812885], [139.995672, 35.812772], [139.995933, 35.812537], [139.996579, 35.811951], [139.996972, 35.811603], [139.997282, 35.811302], [139.997323, 35.811265], [139.997431, 35.811169], [139.99789, 35.810758], [139.998175, 35.810458], [139.998387, 35.810186], [139.998511, 35.809959], [139.998633, 35.809747], [139.998708, 35.809585], [139.998779, 35.809423], [139.998825, 35.809206], [139.998889, 35.808945], [139.998954, 35.808454], [139.998959, 35.808216], [139.998978, 35.807806], [139.998962, 35.806896], [139.998988, 35.806152], [139.999021, 35.805558], [139.999022, 35.805519], [139.999023, 35.805484], [139.99906, 35.803462], [139.999123, 35.802017], [139.999134, 35.800555], [139.999195, 35.797692], [139.999227, 35.796233], [139.999236, 35.795885], [139.999231, 35.795504], [139.999245, 35.794984], [139.999243, 35.79496], [139.999243, 35.794931], [139.999245, 35.794832], [139.999368, 35.794305], [139.999423, 35.793866], [139.999424, 35.793397], [139.999385, 35.793079], [139.999312, 35.792664], [139.999316, 35.792364], [139.999305, 35.791747], [139.999328, 35.790616], [139.999342, 35.789065], [139.99935, 35.787532], [139.999404, 35.786345], [139.999411, 35.785809], [139.999436, 35.785567], [139.999432, 35.785046], [139.999433, 35.784977], [139.999434, 35.784734], [139.999448, 35.784338], [139.999459, 35.783947], [139.999466, 35.783535], [139.999487, 35.783135], [139.999506, 35.782723], [139.999514, 35.782353], [139.999514, 35.781755], [139.99953, 35.780344], [139.999565, 35.779303], [139.999605, 35.777562], [139.999635, 35.776548], [139.999627, 35.775834], [139.99963, 35.775289], [139.99964, 35.774853], [139.999651, 35.774485], [139.999667, 35.77413], [139.999654, 35.773847], [139.999638, 35.773575], [139.999612, 35.773378], [139.999605, 35.773323]]}}, {"type": "Feature", "properties": {"name": "京成松戸線", "operator": "京成電鉄", "length_m": 11064}, "geometry": {"type": "LineString", "coordinates": [[139.98756, 35.775992], [139.987346, 35.775965], [139.987102, 35.775943], [139.986798, 35.775934], [139.986655, 35.775943], [139.986213, 35.77597], [139.985905, 35.776032], [139.985645, 35.77609], [139.985395, 35.776165], [139.984385, 35.776512], [139.977044, 35.779039], [139.976806, 35.779124], [139.976575, 35.779214], [139.976399, 35.779299], [139.976258, 35.779384], [139.976125, 35.779476], [139.975986, 35.779581], [139.975858, 35.779706], [139.975749, 35.779831], [139.975655, 35.77996], [139.975578, 35.78008], [139.975525, 35.780203], [139.975449, 35.780408], [139.975438, 35.780467], [139.975414, 35.780603], [139.975401, 35.780803], [139.975404, 35.780857], [139.975425, 35.781038], [139.975471, 35.781449], [139.975503, 35.781707], [139.975664, 35.782292], [139.975928, 35.783234], [139.975987, 35.783406], [139.976116, 35.783917], [139.976437, 35.785257], [139.976939, 35.787092], [139.976954, 35.787147], [139.976966, 35.787195], [139.977123, 35.787802], [139.977173, 35.788065], [139.9772, 35.788208], [139.977206, 35.788272], [139.97722, 35.788421], [139.977201, 35.78859], [139.977161, 35.788761], [139.977077, 35.789008], [139.976968, 35.789192], [139.976865, 35.789362], [139.976749, 35.789482], [139.976598, 35.789626], [139.976451, 35.789743], [139.976289, 35.789858], [139.976102, 35.789996], [139.975769, 35.790235], [139.974972, 35.790808], [139.974641, 35.791052], [139.974334, 35.791289], [139.973933, 35.791541], [139.973601, 35.791716], [139.973347, 35.791831], [139.97307, 35.791923], [139.972679, 35.79204], [139.972508, 35.792094], [139.97241, 35.792124], [139.972325, 35.792149], [139.970866, 35.792578], [139.969845, 35.792881], [139.969514, 35.792978], [139.969203, 35.793081], [139.969049, 35.793136], [139.968888, 35.7932], [139.968596, 35.793329], [139.968386, 35.793444], [139.968049, 35.793651], [139.967787, 35.793841], [139.96757, 35.794037], [139.967355, 35.794248], [139.967171, 35.794475], [139.966998, 35.794718], [139.966856, 35.79496], [139.96657, 35.795553], [139.966266, 35.796243], [139.966177, 35.796425], [139.966059, 35.796622], [139.965963, 35.79678], [139.965879, 35.796964], [139.965343, 35.798172], [139.965288, 35.79832], [139.965195, 35.798588], [139.965092, 35.798886], [139.964876, 35.799379], [139.96477, 35.79962], [139.96463, 35.799881], [139.964517, 35.800065], [139.964394, 35.800229], [139.964325, 35.800324], [139.964246, 35.80042], [139.964109, 35.80057], [139.963938, 35.800736], [139.963786, 35.800864], [139.963671, 35.800961], [139.963572, 35.801029], [139.963433, 35.801132], [139.963255, 35.801242], [139.963061, 35.801353], [139.962834, 35.80146], [139.962611, 35.801555], [139.962446, 35.801621], [139.96227, 35.80168], [139.961688, 35.801862], [139.961048, 35.802056], [139.960687, 35.802165], [139.958973, 35.802687], [139.957585, 35.80311], [139.955681, 35.803689], [139.95544, 35.803763], [139.955164, 35.80384], [139.954944, 35.803893], [139.954711, 35.80394], [139.954461, 35.803978], [139.954108, 35.804027], [139.953948, 35.804038], [139.953787, 35.804048], [139.953462, 35.804051], [139.953214, 35.804045], [139.953022, 35.804035], [139.952831, 35.804018], [139.952681, 35.804], [139.952493, 35.803978], [139.952293, 35.803943], [139.952104, 35.803905], [139.951801, 35.803823], [139.951534, 35.803752], [139.950739, 35.803507], [139.950135, 35.803315], [139.949923, 35.803248], [139.948905, 35.802974], [139.948446, 35.802852], [139.947995, 35.802743], [139.947515, 35.802625], [139.947246, 35.802553], [139.946584, 35.802373], [139.946254, 35.802287], [139.945924, 35.802192], [139.945684, 35.802115], [139.945446, 35.802025], [139.945279, 35.801951], [139.945072, 35.801856], [139.944872, 35.801749], [139.944671, 35.801626], [139.944478, 35.801489], [139.944201, 35.801268], [139.94403, 35.801106], [139.943966, 35.801038], [139.943933, 35.801004], [139.943902, 35.800971], [139.943833, 35.800897], [139.942445, 35.799214], [139.941822, 35.798445], [139.94098, 35.797414], [139.940602, 35.796958], [139.940397, 35.796703], [139.94022, 35.796473], [139.940107, 35.796312], [139.940012, 35.796163], [139.939923, 35.795997], [139.939853, 35.795856], [139.939448, 35.794924], [139.938948, 35.793784], [139.938661, 35.793125], [139.938598, 35.792969], [139.938582, 35.792929], [139.938565, 35.792893], [139.938482, 35.792714], [139.938399, 35.792512], [139.938269, 35.792234], [139.938155, 35.792051], [139.93807, 35.79194], [139.93797, 35.79183], [139.937784, 35.791646], [139.937684, 35.791553], [139.937581, 35.791463], [139.937348, 35.791271], [139.937106, 35.791088], [139.936922, 35.790963], [139.93673, 35.790848], [139.936585, 35.790771], [139.936431, 35.7907], [139.936223, 35.790609], [139.936085, 35.790558], [139.935962, 35.790513], [139.93569, 35.790443], [139.935175, 35.790312], [139.934272, 35.790085], [139.933326, 35.789847], [139.932594, 35.789662], [139.931504, 35.789396], [139.931105, 35.789321], [139.930817, 35.789279], [139.930652, 35.789263], [139.930423, 35.789246], [139.930034, 35.789232], [139.929635, 35.789241], [139.929592, 35.789242], [139.929541, 35.789248], [139.929184, 35.789283], [139.929162, 35.789286], [139.928849, 35.789333], [139.926966, 35.789735], [139.925074, 35.790147], [139.924017, 35.790374], [139.92353, 35.790468], [139.92323, 35.790515], [139.92311, 35.790533], [139.923061, 35.79054], [139.923006, 35.790548], [139.922886, 35.790565], [139.922617, 35.790608], [139.921016, 35.790846], [139.920594, 35.790911], [139.920087, 35.790989], [139.919825, 35.791021], [139.919563, 35.791039], [139.919353, 35.791039], [139.919097, 35.791028], [139.918894, 35.791006], [139.918696, 35.790977], [139.91851, 35.790937], [139.918358, 35.790897], [139.918206, 35.790853], [139.918016, 35.790789], [139.917857, 35.790722], [139.917711, 35.790653], [139.917529, 35.790543], [139.917383, 35.790445], [139.917207, 35.790322], [139.916702, 35.789949], [139.916687, 35.789938], [139.916655, 35.789914], [139.916624, 35.789893], [139.916278, 35.789644], [139.916084, 35.78951], [139.915567, 35.789172], [139.91518, 35.788938], [139.914953, 35.788807], [139.914676, 35.788658], [139.91437, 35.788521], [139.914058, 35.788399], [139.913862, 35.788335], [139.913661, 35.788281], [139.913345, 35.788208], [139.913131, 35.788169], [139.91295, 35.788149], [139.91273, 35.788129], [139.912462, 35.788116], [139.912046, 35.788122], [139.911722, 35.788152], [139.91143, 35.788196], [139.911211, 35.788238], [139.910964, 35.788292], [139.910751, 35.788346], [139.910291, 35.788468], [139.909845, 35.788584], [139.909552, 35.788668], [139.908927, 35.78883], [139.908512, 35.788939], [139.908311, 35.788987], [139.908116, 35.789019], [139.907983, 35.789043], [139.907849, 35.789051], [139.907648, 35.789063], [139.907547, 35.789065], [139.907428, 35.789063], [139.907285, 35.789058], [139.907125, 35.789045], [139.906948, 35.789027], [139.904975, 35.788733], [139.904851, 35.788718], [139.904149, 35.788606], [139.904086, 35.788596], [139.904031, 35.788587], [139.903829, 35.788559], [139.903584, 35.788506], [139.903397, 35.788456], [139.903151, 35.788367], [139.902986, 35.788293], [139.902824, 35.788203], [139.90263, 35.788081], [139.902446, 35.787945], [139.90231, 35.787824], [139.902233, 35.787751], [139.902163, 35.787678], [139.902095, 35.787593], [139.902003, 35.787472], [139.901918, 35.787331], [139.901851, 35.78719], [139.901757, 35.786961], [139.90173, 35.786889], [139.9017, 35.786798], [139.90163, 35.786347], [139.901602, 35.786208], [139.901561, 35.786071], [139.901503, 35.785906], [139.901443, 35.785745], [139.901322, 35.785361], [139.901241, 35.784964], [139.901036, 35.784385]]}}, {"type": "Feature", "properties": {"name": "京成松戸線", "operator": "京成電鉄", "length_m": 10996}, "geometry": {"type": "LineString", "coordinates": [[139.900911, 35.784406], [139.901181, 35.785141], [139.901255, 35.785365], [139.901401, 35.785746], [139.901464, 35.785921], [139.901514, 35.786079], [139.901556, 35.786215], [139.901586, 35.786356], [139.901667, 35.786808], [139.901696, 35.786898], [139.901715, 35.786969], [139.90181, 35.787209], [139.901873, 35.787347], [139.901968, 35.787486], [139.902064, 35.787612], [139.902128, 35.787698], [139.902201, 35.787779], [139.902287, 35.787867], [139.902409, 35.787972], [139.90261, 35.788119], [139.9028, 35.788239], [139.902963, 35.788321], [139.903139, 35.788399], [139.903377, 35.788484], [139.903567, 35.788536], [139.903824, 35.788588], [139.904023, 35.78862], [139.90408, 35.788629], [139.90414, 35.788641], [139.904849, 35.788745], [139.904966, 35.788763], [139.906943, 35.789059], [139.90712, 35.789078], [139.907281, 35.789092], [139.907428, 35.789096], [139.90755, 35.7891], [139.907642, 35.789098], [139.907852, 35.78909], [139.907986, 35.789076], [139.908124, 35.789055], [139.908323, 35.789017], [139.90852, 35.788975], [139.908934, 35.788864], [139.909559, 35.788702], [139.909852, 35.788621], [139.910301, 35.788502], [139.910757, 35.788381], [139.910978, 35.788325], [139.91122, 35.788267], [139.91143, 35.788229], [139.911726, 35.788187], [139.912055, 35.788157], [139.912462, 35.78815], [139.912727, 35.788163], [139.912949, 35.788183], [139.913124, 35.788209], [139.913337, 35.788244], [139.913633, 35.788313], [139.913839, 35.788368], [139.91404, 35.788433], [139.914352, 35.788556], [139.914655, 35.788696], [139.914927, 35.788848], [139.91514, 35.788985], [139.915503, 35.789225], [139.916019, 35.789584], [139.91621, 35.789708], [139.916565, 35.789948], [139.916597, 35.789969], [139.916632, 35.789991], [139.916655, 35.790006], [139.917107, 35.790315], [139.917169, 35.790358], [139.917359, 35.790484], [139.917499, 35.790579], [139.917697, 35.790682], [139.917828, 35.790746], [139.918003, 35.790818], [139.918194, 35.790885], [139.918342, 35.790929], [139.918507, 35.790974], [139.918695, 35.791012], [139.918869, 35.79104], [139.919091, 35.791062], [139.91936, 35.791071], [139.919561, 35.791073], [139.919827, 35.791056], [139.920097, 35.791024], [139.920863, 35.790906], [139.921026, 35.790881], [139.922621, 35.790638], [139.922906, 35.790595], [139.923034, 35.790576], [139.92309, 35.790568], [139.923135, 35.790561], [139.923238, 35.790546], [139.923534, 35.7905], [139.924021, 35.790408], [139.925083, 35.790181], [139.926972, 35.789771], [139.928861, 35.789364], [139.929165, 35.78932], [139.92919, 35.789315], [139.929545, 35.78928], [139.929597, 35.789276], [139.929638, 35.789273], [139.930039, 35.789267], [139.930413, 35.78928], [139.930644, 35.789292], [139.930819, 35.789312], [139.931092, 35.789352], [139.93149, 35.789429], [139.932572, 35.789697], [139.934256, 35.790117], [139.935161, 35.790347], [139.935682, 35.790479], [139.935944, 35.790558], [139.936061, 35.790595], [139.936197, 35.790653], [139.936403, 35.790746], [139.936547, 35.790824], [139.936687, 35.7909], [139.936872, 35.791019], [139.937047, 35.791147], [139.937278, 35.791325], [139.937486, 35.791513], [139.937596, 35.79162], [139.937696, 35.791716], [139.937898, 35.7919], [139.937989, 35.791988], [139.938078, 35.792086], [139.93821, 35.79226], [139.938289, 35.792386], [139.938356, 35.79252], [139.938447, 35.792724], [139.938519, 35.792884], [139.938535, 35.792919], [139.938554, 35.792963], [139.938729, 35.793372], [139.938912, 35.793793], [139.939408, 35.794935], [139.93981, 35.795867], [139.939884, 35.796012], [139.939974, 35.796179], [139.940066, 35.796325], [139.940187, 35.796495], [139.940368, 35.796726], [139.940574, 35.796981], [139.940957, 35.797446], [139.941789, 35.798463], [139.942412, 35.799232], [139.943799, 35.800919], [139.943863, 35.800989], [139.943895, 35.801025], [139.943931, 35.80106], [139.943992, 35.801119], [139.94417, 35.801288], [139.944451, 35.801515], [139.94465, 35.801652], [139.944849, 35.80177], [139.945054, 35.801884], [139.945261, 35.801979], [139.945434, 35.802055], [139.945667, 35.802142], [139.945911, 35.802221], [139.946242, 35.802318], [139.946572, 35.802405], [139.94723, 35.802583], [139.947497, 35.802671], [139.94795, 35.802818], [139.948396, 35.802943], [139.948855, 35.803068], [139.950095, 35.80341], [139.950703, 35.803581], [139.951519, 35.803793], [139.951791, 35.803862], [139.952095, 35.803936], [139.952287, 35.803976], [139.952474, 35.804009], [139.952669, 35.804036], [139.952822, 35.804055], [139.953017, 35.804074], [139.953206, 35.804085], [139.953476, 35.804089], [139.953792, 35.804079], [139.953956, 35.804073], [139.954115, 35.804061], [139.954457, 35.804011], [139.954717, 35.803971], [139.954954, 35.80392], [139.955176, 35.803866], [139.955456, 35.803791], [139.955689, 35.803721], [139.957598, 35.80314], [139.958982, 35.802719], [139.960697, 35.802196], [139.961064, 35.802084], [139.961699, 35.801892], [139.96228, 35.801712], [139.962455, 35.80165], [139.962624, 35.801585], [139.962851, 35.801492], [139.963071, 35.801385], [139.963273, 35.801269], [139.963443, 35.801164], [139.963586, 35.801066], [139.963693, 35.80099], [139.963813, 35.800894], [139.963971, 35.800759], [139.964137, 35.800597], [139.964283, 35.800434], [139.964354, 35.800346], [139.964419, 35.80026], [139.964549, 35.800084], [139.964665, 35.799897], [139.964803, 35.799627], [139.964917, 35.799388], [139.965132, 35.798896], [139.965383, 35.798346], [139.96544, 35.798207], [139.965983, 35.796996], [139.966056, 35.796812], [139.966303, 35.796258], [139.966611, 35.795566], [139.966897, 35.794968], [139.967037, 35.794735], [139.967207, 35.794491], [139.967392, 35.794272], [139.967603, 35.794063], [139.967817, 35.793869], [139.968074, 35.79368], [139.968414, 35.793472], [139.968623, 35.79336], [139.968907, 35.79323], [139.969063, 35.793167], [139.969219, 35.793111], [139.969526, 35.793011], [139.969852, 35.792918], [139.971226, 35.792507], [139.972286, 35.792191], [139.972378, 35.792163], [139.972465, 35.792139], [139.972694, 35.792075], [139.97308, 35.791956], [139.973362, 35.791861], [139.973602, 35.791757], [139.973841, 35.791638], [139.974099, 35.791493], [139.974363, 35.791314], [139.97464, 35.791113], [139.975009, 35.790838], [139.975796, 35.790267], [139.976147, 35.790019], [139.976323, 35.789879], [139.976459, 35.789778], [139.976504, 35.789743], [139.976598, 35.789669], [139.976762, 35.789504], [139.976905, 35.789348], [139.977019, 35.789182], [139.97712, 35.788996], [139.977185, 35.788859], [139.977226, 35.788674], [139.977267, 35.78851], [139.977242, 35.788284], [139.9772, 35.78795], [139.977135, 35.787604], [139.977009, 35.787148], [139.976993, 35.78709], [139.976985, 35.787041], [139.97695, 35.786876], [139.97665, 35.785784], [139.976501, 35.785243], [139.976171, 35.783904], [139.97605, 35.783398], [139.976011, 35.783218], [139.975772, 35.78228], [139.975568, 35.781482], [139.9755, 35.781221], [139.975475, 35.781118], [139.975459, 35.781033], [139.975443, 35.78087], [139.975448, 35.780832], [139.975451, 35.780614], [139.975494, 35.780415], [139.975561, 35.780211], [139.975621, 35.780094], [139.975698, 35.779977], [139.975784, 35.779849], [139.975888, 35.779735], [139.97602, 35.77961], [139.976159, 35.779498], [139.976286, 35.779412], [139.97642, 35.779332], [139.976595, 35.779249], [139.97682, 35.779155], [139.977065, 35.779071], [139.978553, 35.778565], [139.980086, 35.778034], [139.984376, 35.776559], [139.985399, 35.776199], [139.985655, 35.776129], [139.985912, 35.776067], [139.986211, 35.776007], [139.986664, 35.775974], [139.9868, 35.775965]]}}, {"type": "Feature", "properties": {"name": "東武野田線", "operator": "東武鉄道", "length_m": 9771}, "geometry": {"type": "LineString", "coordinates": [[139.905851, 35.915546], [139.905885, 35.915398], [139.905913, 35.915259], [139.905955, 35.915093], [139.906001, 35.914919], [139.906053, 35.914729], [139.906093, 35.914579], [139.906136, 35.914348], [139.906173, 35.914173], [139.906217, 35.913919], [139.906242, 35.913665], [139.906259, 35.913397], [139.90627, 35.913138], [139.906284, 35.912931], [139.906298, 35.912797], [139.906302, 35.912771], [139.906729, 35.910334], [139.906735, 35.9103], [139.907109, 35.90818], [139.90749, 35.906024], [139.908063, 35.90278], [139.908138, 35.902384], [139.908207, 35.902079], [139.908253, 35.901898], [139.908333, 35.901621], [139.908465, 35.901212], [139.908618, 35.9008], [139.908776, 35.900428], [139.909031, 35.899894], [139.909049, 35.899861], [139.909066, 35.899824], [139.910184, 35.897796], [139.910392, 35.897417], [139.910777, 35.896724], [139.911179, 35.896002], [139.911568, 35.895298], [139.912073, 35.894385], [139.912315, 35.893949], [139.912865, 35.892952], [139.913682, 35.891475], [139.914378, 35.890213], [139.91457, 35.889865], [139.915106, 35.888893], [139.916064, 35.887158], [139.916294, 35.886745], [139.916915, 35.885622], [139.917123, 35.885244], [139.917138, 35.885215], [139.917156, 35.885179], [139.917265, 35.884979], [139.917732, 35.884144], [139.918085, 35.8835], [139.918422, 35.882877], [139.919184, 35.881508], [139.919434, 35.881046], [139.919602, 35.880735], [139.919885, 35.880241], [139.920086, 35.879874], [139.920731, 35.878716], [139.920749, 35.878683], [139.920912, 35.878392], [139.921282, 35.877705], [139.921659, 35.877027], [139.922132, 35.876167], [139.922564, 35.875384], [139.923072, 35.874474], [139.923259, 35.874121], [139.923399, 35.87389], [139.923507, 35.873719], [139.92365, 35.873536], [139.92378, 35.873378], [139.92409, 35.873059], [139.92434, 35.872854], [139.924493, 35.872736], [139.924674, 35.872622], [139.924883, 35.872499], [139.925194, 35.872341], [139.925612, 35.872156], [139.925803, 35.872084], [139.926095, 35.871958], [139.927581, 35.871354], [139.928125, 35.87113], [139.928401, 35.871015], [139.92945, 35.870587], [139.930809, 35.87003], [139.932227, 35.86945], [139.934182, 35.868653], [139.935909, 35.867936], [139.937243, 35.867397], [139.939396, 35.866509], [139.940111, 35.866216], [139.94039, 35.866102], [139.940479, 35.866065], [139.940742, 35.865958], [139.941355, 35.865706], [139.942863, 35.865094], [139.944318, 35.8645], [139.946315, 35.863683], [139.946562, 35.863585], [139.947081, 35.863432], [139.948545, 35.863066], [139.950016, 35.862701], [139.950868, 35.862493], [139.952515, 35.862081], [139.954581, 35.861571], [139.954759, 35.861525], [139.95589, 35.861244], [139.956546, 35.86108], [139.960265, 35.860159], [139.960625, 35.860066], [139.962145, 35.859686], [139.964413, 35.859126], [139.9652, 35.85893], [139.965437, 35.858881], [139.965629, 35.858849], [139.965953, 35.858812], [139.966247, 35.858807], [139.966538, 35.858818], [139.966689, 35.858833], [139.966837, 35.858853], [139.967126, 35.858909], [139.967268, 35.858944], [139.967395, 35.858982], [139.967546, 35.859032], [139.967669, 35.859077], [139.96798, 35.859215], [139.968224, 35.859343], [139.968409, 35.859458], [139.968579, 35.859583], [139.96878, 35.85977], [139.968919, 35.859932], [139.969051, 35.860118], [139.969153, 35.860272], [139.969263, 35.860439], [139.969443, 35.86072], [139.969648, 35.86105], [139.969772, 35.861289], [139.969893, 35.861525], [139.969996, 35.861702], [139.970173, 35.861923], [139.970501, 35.862329]]}}, {"type": "Feature", "properties": {"name": "関東鉄道常総線", "operator": "関東鉄道", "length_m": 5158}, "geometry": {"type": "LineString", "coordinates": [[140.014163, 35.929454], [140.013539, 35.929704], [140.010109, 35.931102], [140.009125, 35.931525], [140.005668, 35.932954], [140.00547, 35.933041], [140.003138, 35.933941], [140.00245, 35.934232], [140.001899, 35.934471], [140.001708, 35.934571], [140.001378, 35.934737], [140.001142, 35.934841], [140.000862, 35.934962], [140.000513, 35.935108], [140.000051, 35.935337], [139.999638, 35.935565], [139.999322, 35.935789], [139.999022, 35.936009], [139.998724, 35.936269], [139.998502, 35.93648], [139.998364, 35.936613], [139.998204, 35.936792], [139.998043, 35.93699], [139.997904, 35.937184], [139.997778, 35.937363], [139.997658, 35.937555], [139.997535, 35.937766], [139.997344, 35.938167], [139.997166, 35.938598], [139.997009, 35.938989], [139.996467, 35.940283], [139.995182, 35.943424], [139.994761, 35.944438], [139.9941, 35.946062], [139.993043, 35.948645], [139.993025, 35.948689], [139.992935, 35.948908], [139.992806, 35.949206], [139.992697, 35.949468], [139.992534, 35.949873], [139.992435, 35.950086], [139.992208, 35.950634], [139.992114, 35.95086], [139.992044, 35.951024], [139.99194, 35.951281], [139.991773, 35.951677], [139.991654, 35.951921], [139.991517, 35.952248], [139.990217, 35.955387], [139.989909, 35.956111], [139.989343, 35.957522], [139.987718, 35.961492], [139.986765, 35.963826], [139.986109, 35.965386], [139.985852, 35.966047], [139.98575, 35.966363], [139.985739, 35.9664], [139.985701, 35.966524]]}}, {"type": "Feature", "properties": {"name": "関東鉄道常総線", "operator": "関東鉄道", "length_m": 5154}, "geometry": {"type": "LineString", "coordinates": [[139.985736, 35.96653], [139.985776, 35.966408], [139.985828, 35.966248], [139.985899, 35.966052], [139.986154, 35.965399], [139.986799, 35.963844], [139.987755, 35.961502], [139.989381, 35.957535], [139.989949, 35.95612], [139.990264, 35.955402], [139.991559, 35.952253], [139.991673, 35.951997], [139.991797, 35.951684], [139.991966, 35.951291], [139.992074, 35.95103], [139.992147, 35.95087], [139.992244, 35.950644], [139.992477, 35.950102], [139.992575, 35.949878], [139.992692, 35.949622], [139.992849, 35.94922], [139.992977, 35.948916], [139.993067, 35.948702], [139.993085, 35.948659], [139.994135, 35.946076], [139.994811, 35.944452], [139.995211, 35.943465], [139.996506, 35.940317], [139.997044, 35.939001], [139.997197, 35.938611], [139.997375, 35.938184], [139.997572, 35.937781], [139.997694, 35.937566], [139.997815, 35.937377], [139.997936, 35.937201], [139.998073, 35.93701], [139.998244, 35.936802], [139.998402, 35.936628], [139.998525, 35.936506], [139.998747, 35.936291], [139.999045, 35.936038], [139.999336, 35.935821], [139.999707, 35.935568], [140.000067, 35.935369], [140.000528, 35.935146], [140.000866, 35.934996], [140.001154, 35.934873], [140.001398, 35.934778], [140.001735, 35.93464], [140.00194, 35.934554], [140.002503, 35.934318], [140.0032, 35.934032], [140.005498, 35.933069], [140.005686, 35.932985], [140.009145, 35.931549], [140.010136, 35.931132], [140.013569, 35.929731], [140.014186, 35.929495]]}}, {"type": "Feature", "properties": {"name": "流鉄流山線", "operator": "流鉄", "length_m": 3131}, "geometry": {"type": "LineString", "coordinates": [[139.917804, 35.835363], [139.91741, 35.835656], [139.917113, 35.835877], [139.916285, 35.836508], [139.916054, 35.836691], [139.916311, 35.836523], [139.916746, 35.836251], [139.917173, 35.835935], [139.917381, 35.835754], [139.917447, 35.835697], [139.917804, 35.835363], [139.917841, 35.835336], [139.918075, 35.835145], [139.918283, 35.834954], [139.918514, 35.834703], [139.918711, 35.834458], [139.918899, 35.834154], [139.919064, 35.833803], [139.919121, 35.833657], [139.919177, 35.833488], [139.919388, 35.832706], [139.919515, 35.832246], [139.91961, 35.831889], [139.91998, 35.830506], [139.919995, 35.830449], [139.920093, 35.830084], [139.920104, 35.830044], [139.920112, 35.830016], [139.920197, 35.829701], [139.920265, 35.829424], [139.920287, 35.829226], [139.9203, 35.829072], [139.9203, 35.828895], [139.920288, 35.828636], [139.920262, 35.828417], [139.920115, 35.827625], [139.919978, 35.826918], [139.919974, 35.826901], [139.919923, 35.826583], [139.91986, 35.82627], [139.919751, 35.825663], [139.919741, 35.825609], [139.919722, 35.825503], [139.919711, 35.825445], [139.919412, 35.823837], [139.919404, 35.823791], [139.919397, 35.823748], [139.918941, 35.821256], [139.918926, 35.821173], [139.918627, 35.819561], [139.918249, 35.817584], [139.918205, 35.81733], [139.917976, 35.816078], [139.91793, 35.815761], [139.917903, 35.815499], [139.917853, 35.815034], [139.917826, 35.814822], [139.917713, 35.814246], [139.917668, 35.814077], [139.917562, 35.813635], [139.91749, 35.813315], [139.917335, 35.812725], [139.917298, 35.812589], [139.917264, 35.812469], [139.91717, 35.812114], [139.917065, 35.811739]]}}, {"type": "Feature", "properties": {"name": "東武野田線", "operator": "東武鉄道", "length_m": 2788}, "geometry": {"type": "LineString", "coordinates": [[139.853735, 35.969359], [139.854184, 35.968692], [139.854381, 35.968382], [139.854562, 35.968081], [139.855125, 35.967168], [139.855672, 35.96626], [139.85598, 35.965698], [139.856309, 35.965147], [139.856647, 35.964593], [139.858623, 35.961339], [139.858942, 35.96082], [139.858984, 35.960754], [139.859157, 35.96048], [139.859365, 35.960187], [139.859533, 35.959972], [139.859735, 35.959728], [139.859876, 35.959547], [139.860159, 35.959116], [139.860487, 35.958576], [139.860673, 35.958241], [139.860889, 35.95781], [139.861003, 35.957574], [139.8611, 35.957366], [139.861342, 35.956865], [139.86148, 35.956641], [139.86192, 35.955946], [139.862186, 35.95551], [139.862292, 35.955325], [139.862351, 35.955203], [139.862419, 35.95506], [139.862495, 35.954847], [139.862551, 35.954664], [139.862594, 35.954477], [139.862639, 35.954178], [139.862662, 35.953907], [139.862702, 35.953482], [139.862765, 35.953133], [139.862872, 35.952781], [139.863013, 35.952454], [139.863167, 35.952183], [139.863363, 35.951914], [139.863697, 35.951544], [139.863959, 35.951265], [139.864222, 35.950978], [139.864596, 35.950549], [139.865054, 35.950029], [139.865213, 35.94984], [139.865459, 35.949513], [139.865588, 35.949326], [139.865465, 35.949471], [139.865213, 35.949763], [139.86502, 35.950008], [139.864561, 35.95053], [139.864186, 35.950955], [139.863952, 35.951219], [139.863697, 35.951544]]}}, {"type": "Feature", "properties": {"name": "流鉄流山線", "operator": "流鉄", "length_m": 2651}, "geometry": {"type": "LineString", "coordinates": [[139.916054, 35.836691], [139.914912, 35.837552], [139.914519, 35.837849], [139.914031, 35.838254], [139.911219, 35.840823], [139.91097, 35.84106], [139.910698, 35.841305], [139.910261, 35.84171], [139.910078, 35.841868], [139.909482, 35.842413], [139.909026, 35.842804], [139.908572, 35.843175], [139.906022, 35.845238], [139.905676, 35.845534], [139.904003, 35.846889], [139.903285, 35.847475], [139.902161, 35.848392], [139.902045, 35.848489], [139.901964, 35.848562], [139.901892, 35.84863], [139.901788, 35.848733], [139.901673, 35.848862], [139.901594, 35.848962], [139.901513, 35.849085], [139.901422, 35.849235], [139.90137, 35.849333], [139.901318, 35.84944], [139.901286, 35.849528], [139.901253, 35.849617], [139.901184, 35.849841], [139.901127, 35.850243], [139.901132, 35.850407], [139.901149, 35.850591], [139.901154, 35.850641], [139.901158, 35.850678], [139.901182, 35.850873], [139.901211, 35.851105], [139.901247, 35.851368], [139.901579, 35.853759], [139.901643, 35.854257], [139.901651, 35.854477], [139.901633, 35.854704], [139.901653, 35.855249], [139.901669, 35.855497], [139.901683, 35.85573]]}}, {"type": "Feature", "properties": {"name": "東武野田線", "operator": "東武鉄道", "length_m": 2139}, "geometry": {"type": "LineString", "coordinates": [[139.865588, 35.949326], [139.865772, 35.949081], [139.86605, 35.948715], [139.866796, 35.947762], [139.867189, 35.947257], [139.867479, 35.946894], [139.867816, 35.946466], [139.86834, 35.945803], [139.86851, 35.945606], [139.868704, 35.945398], [139.868837, 35.945256], [139.869013, 35.945067], [139.869135, 35.944938], [139.869268, 35.944795], [139.869375, 35.944679], [139.869488, 35.944564], [139.869609, 35.944445], [139.869775, 35.944299], [139.870016, 35.944099], [139.870171, 35.943977], [139.870379, 35.943817], [139.87068, 35.943596], [139.870823, 35.943495], [139.871023, 35.943365], [139.871172, 35.943274], [139.871291, 35.943204], [139.871462, 35.943111], [139.871802, 35.942932], [139.872501, 35.942569], [139.873149, 35.94223], [139.873371, 35.942117], [139.873558, 35.942026], [139.87375, 35.941938], [139.876409, 35.940722], [139.876922, 35.940488], [139.87756, 35.940196], [139.877911, 35.940034], [139.87833, 35.939837], [139.880052, 35.939029], [139.88274, 35.937767], [139.883572, 35.937385]]}}, {"type": "Feature", "properties": {"name": "北小金支線", "operator": "東日本旅客鉄道", "length_m": 1882}, "geometry": {"type": "LineString", "coordinates": [[139.913247, 35.830401], [139.914713, 35.830185], [139.91528, 35.830087], [139.915991, 35.829959], [139.91732, 35.82971], [139.918824, 35.829421], [139.91966, 35.829267], [139.919892, 35.829231], [139.920121, 35.829203], [139.920495, 35.829173], [139.920926, 35.829163], [139.921321, 35.829177], [139.921737, 35.829217], [139.922153, 35.829285], [139.92256, 35.829381], [139.92294, 35.829496], [139.923315, 35.829632], [139.92369, 35.829799], [139.924223, 35.830089], [139.924427, 35.830216], [139.924629, 35.830349], [139.924775, 35.830448], [139.925095, 35.830653], [139.925422, 35.830862], [139.92584, 35.831094], [139.926545, 35.831447], [139.927254, 35.831792], [139.928208, 35.832255], [139.929147, 35.832673], [139.930858, 35.833484], [139.931456, 35.833757], [139.932288, 35.83411]]}}, {"type": "Feature", "properties": {"name": "馬橋支線", "operator": "東日本旅客鉄道", "length_m": 1767}, "geometry": {"type": "LineString", "coordinates": [[139.913247, 35.830401], [139.914167, 35.830218], [139.914729, 35.830104], [139.915254, 35.829991], [139.915763, 35.829874], [139.916029, 35.8298], [139.916385, 35.829665], [139.916715, 35.829508], [139.91693, 35.829393], [139.917129, 35.829272], [139.917313, 35.829149], [139.917484, 35.829013], [139.917698, 35.828842], [139.917896, 35.828643], [139.918224, 35.828245], [139.918405, 35.827942], [139.918526, 35.8277], [139.91864, 35.827431], [139.918709, 35.827165], [139.918759, 35.82689], [139.918873, 35.82585], [139.918903, 35.825545], [139.91891, 35.825063], [139.918864, 35.825545], [139.918832, 35.825858], [139.918694, 35.826942], [139.918631, 35.827163], [139.918538, 35.827422], [139.918324, 35.827853], [139.918073, 35.828212], [139.917751, 35.82856], [139.917569, 35.828732], [139.917396, 35.828871], [139.917224, 35.828996], [139.917013, 35.829136], [139.916728, 35.829287], [139.916183, 35.829533], [139.915988, 35.8296], [139.915679, 35.829675], [139.915168, 35.829805], [139.914647, 35.829907], [139.914128, 35.830017], [139.913126, 35.830215]]}}, {"type": "Feature", "properties": {"name": "北小金支線", "operator": "東日本旅客鉄道", "length_m": 1399}, "geometry": {"type": "LineString", "coordinates": [[139.927581, 35.831847], [139.927297, 35.83171], [139.926603, 35.83137], [139.92589, 35.831002], [139.925478, 35.830772], [139.925156, 35.830569], [139.924832, 35.830366], [139.924502, 35.830168], [139.924257, 35.830017], [139.923731, 35.82974], [139.923349, 35.829574], [139.922973, 35.829442], [139.922583, 35.829328], [139.922161, 35.829237], [139.921745, 35.829169], [139.921328, 35.829127], [139.92092, 35.829113], [139.920495, 35.829122], [139.920119, 35.82915], [139.919883, 35.829178], [139.919647, 35.829211], [139.918807, 35.829357], [139.917169, 35.829597], [139.916417, 35.829716], [139.915747, 35.829817], [139.91414, 35.830068], [139.913126, 35.830215]]}}, {"type": "Feature", "properties": {"name": "北総線", "operator": "北総鉄道", "length_m": 1263}, "geometry": {"type": "LineString", "coordinates": [[140.013399, 35.783504], [140.012197, 35.78315], [140.011212, 35.782881], [140.010122, 35.782553], [140.009113, 35.78226], [140.007674, 35.781833], [140.007134, 35.781652], [140.006644, 35.781503], [140.006091, 35.781375], [140.005522, 35.781253], [140.004048, 35.780941], [140.003538, 35.780849], [140.003024, 35.780763], [140.002346, 35.780604], [140.002, 35.780521], [140.000975, 35.780236], [140.000112, 35.779978]]}}, {"type": "Feature", "properties": {"name": "JR武蔵野線", "operator": "東日本旅客鉄道", "length_m": 917}, "geometry": {"type": "LineString", "coordinates": [[139.908501, 35.833166], [139.908045, 35.83366], [139.905509, 35.836407], [139.905363, 35.836568], [139.903942, 35.838111], [139.903336, 35.838772], [139.902419, 35.839771]]}}, {"type": "Feature", "properties": {"name": "馬橋支線", "operator": "東日本旅客鉄道", "length_m": 862}, "geometry": {"type": "LineString", "coordinates": [[139.91872, 35.81737], [139.91914, 35.818832], [139.91922, 35.819138], [139.919266, 35.819343], [139.919296, 35.819524], [139.919307, 35.819739], [139.919305, 35.82003], [139.919295, 35.820288], [139.918963, 35.824376], [139.91891, 35.825063]]}}, {"type": "Feature", "properties": {"name": "成田線（我孫子支線）", "operator": "東日本旅客鉄道", "length_m": 524}, "geometry": {"type": "LineString", "coordinates": [[140.016568, 35.873062], [140.01544, 35.873011], [140.014713, 35.872975], [140.014301, 35.872956], [140.013833, 35.872941], [140.013388, 35.872927], [140.013059, 35.872911], [140.012056, 35.872881], [140.011187, 35.872845], [140.010764, 35.872821]]}}, {"type": "Feature", "properties": {"name": "北総線", "operator": "北総鉄道", "length_m": 504}, "geometry": {"type": "LineString", "coordinates": [[140.008122, 35.782], [140.008663, 35.782164], [140.009098, 35.782293], [140.01031, 35.782641], [140.011201, 35.782915], [140.012153, 35.783189], [140.013373, 35.783544]]}}, {"type": "Feature", "properties": {"name": "東武野田線", "operator": "東武鉄道", "length_m": 467}, "geometry": {"type": "LineString", "coordinates": [[139.868704, 35.945398], [139.869061, 35.94505], [139.869393, 35.944715], [139.86955, 35.944561], [139.869685, 35.944436], [139.869813, 35.944326], [139.870033, 35.94414], [139.87022, 35.943995], [139.870394, 35.943864], [139.870705, 35.943633], [139.870901, 35.943499], [139.871102, 35.943374], [139.871268, 35.943276], [139.871405, 35.943199], [139.871907, 35.942928], [139.872071, 35.942829], [139.872501, 35.942569]]}}, {"type": "Feature", "properties": {"name": "常磐快速線", "operator": "東日本旅客鉄道", "length_m": 454}, "geometry": {"type": "LineString", "coordinates": [[140.010764, 35.872821], [140.009681, 35.872756], [140.009255, 35.872717], [140.008678, 35.872666], [140.008093, 35.872607], [140.007709, 35.872566], [140.007246, 35.872522], [140.006866, 35.872489], [140.006655, 35.872466], [140.006258, 35.872434], [140.005755, 35.872367]]}}, {"type": "Feature", "properties": {"name": "東武野田線", "operator": "東武鉄道", "length_m": 448}, "geometry": {"type": "LineString", "coordinates": [[139.861342, 35.956865], [139.86115, 35.957176], [139.861045, 35.957344], [139.860963, 35.957485], [139.8606, 35.958172], [139.860493, 35.958362], [139.860048, 35.959094], [139.859756, 35.959574], [139.859573, 35.959845], [139.859375, 35.960126], [139.859157, 35.96048]]}}, {"type": "Feature", "properties": {"name": "馬橋支線", "operator": "東日本旅客鉄道", "length_m": 433}, "geometry": {"type": "LineString", "coordinates": [[139.916813, 35.810417], [139.916956, 35.810938], [139.917278, 35.81214], [139.917536, 35.81308], [139.917827, 35.814223]]}}, {"type": "Feature", "properties": {"name": "馬橋支線", "operator": "東日本旅客鉄道 (East Japan Railway)", "length_m": 359}, "geometry": {"type": "LineString", "coordinates": [[139.917827, 35.814223], [139.918143, 35.815359], [139.91872, 35.81737]]}}]}